file,line,type,commit,author,date,time,timezone,datetime,depth,length
style.css,1,css,199339b3,rohanraval2,2025-04-18,15:28:22,-07:00,2025-04-18T15:28:22-07:00,0,6
style.css,2,css,199339b3,rohanraval2,2025-04-18,15:28:22,-07:00,2025-04-18T15:28:22-07:00,0,41
style.css,3,css,199339b3,rohanraval2,2025-04-18,15:28:22,-07:00,2025-04-18T15:28:22-07:00,0,33
style.css,4,css,199339b3,rohanraval2,2025-04-18,15:28:22,-07:00,2025-04-18T15:28:22-07:00,0,0
style.css,5,css,199339b3,rohanraval2,2025-04-18,15:28:22,-07:00,2025-04-18T15:28:22-07:00,0,0
style.css,6,css,199339b3,rohanraval2,2025-04-18,15:28:22,-07:00,2025-04-18T15:28:22-07:00,0,5
style.css,7,css,199339b3,rohanraval2,2025-04-18,15:28:22,-07:00,2025-04-18T15:28:22-07:00,0,24
style.css,8,css,199339b3,rohanraval2,2025-04-18,15:28:22,-07:00,2025-04-18T15:28:22-07:00,0,17
style.css,9,css,199339b3,rohanraval2,2025-04-18,15:28:22,-07:00,2025-04-18T15:28:22-07:00,0,43
style.css,10,css,199339b3,rohanraval2,2025-04-18,15:28:22,-07:00,2025-04-18T15:28:22-07:00,0,12
style.css,11,css,199339b3,rohanraval2,2025-04-18,15:28:22,-07:00,2025-04-18T15:28:22-07:00,0,0
style.css,12,css,199339b3,rohanraval2,2025-04-18,15:28:22,-07:00,2025-04-18T15:28:22-07:00,0,0
style.css,13,css,199339b3,rohanraval2,2025-04-18,15:28:22,-07:00,2025-04-18T15:28:22-07:00,0,4
style.css,14,css,199339b3,rohanraval2,2025-04-18,15:28:22,-07:00,2025-04-18T15:28:22-07:00,0,13
style.css,15,css,199339b3,rohanraval2,2025-04-18,15:28:22,-07:00,2025-04-18T15:28:22-07:00,0,29
style.css,16,css,199339b3,rohanraval2,2025-04-18,15:28:22,-07:00,2025-04-18T15:28:22-07:00,0,32
style.css,17,css,199339b3,rohanraval2,2025-04-18,15:28:22,-07:00,2025-04-18T15:28:22-07:00,0,34
style.css,18,css,199339b3,rohanraval2,2025-04-18,15:28:22,-07:00,2025-04-18T15:28:22-07:00,0,20
style.css,19,css,199339b3,rohanraval2,2025-04-18,15:28:22,-07:00,2025-04-18T15:28:22-07:00,0,0
style.css,20,css,199339b3,rohanraval2,2025-04-18,15:28:22,-07:00,2025-04-18T15:28:22-07:00,0,0
style.css,21,css,199339b3,rohanraval2,2025-04-18,15:28:22,-07:00,2025-04-18T15:28:22-07:00,0,7
style.css,22,css,199339b3,rohanraval2,2025-04-18,15:28:22,-07:00,2025-04-18T15:28:22-07:00,0,13
style.css,23,css,199339b3,rohanraval2,2025-04-18,15:28:22,-07:00,2025-04-18T15:28:22-07:00,0,16
style.css,24,css,199339b3,rohanraval2,2025-04-18,15:28:22,-07:00,2025-04-18T15:28:22-07:00,0,10
style.css,25,css,199339b3,rohanraval2,2025-04-18,15:28:22,-07:00,2025-04-18T15:28:22-07:00,0,9
style.css,26,css,199339b3,rohanraval2,2025-04-18,15:28:22,-07:00,2025-04-18T15:28:22-07:00,0,11
style.css,27,css,199339b3,rohanraval2,2025-04-18,15:28:22,-07:00,2025-04-18T15:28:22-07:00,0,0
style.css,28,css,199339b3,rohanraval2,2025-04-18,15:28:22,-07:00,2025-04-18T15:28:22-07:00,0,0
style.css,29,css,199339b3,rohanraval2,2025-04-18,15:28:22,-07:00,2025-04-18T15:28:22-07:00,0,7
style.css,30,css,199339b3,rohanraval2,2025-04-18,15:28:22,-07:00,2025-04-18T15:28:22-07:00,0,7
style.css,31,css,199339b3,rohanraval2,2025-04-18,15:28:22,-07:00,2025-04-18T15:28:22-07:00,0,18
style.css,32,css,199339b3,rohanraval2,2025-04-18,15:28:22,-07:00,2025-04-18T15:28:22-07:00,0,0
style.css,33,css,199339b3,rohanraval2,2025-04-18,15:28:22,-07:00,2025-04-18T15:28:22-07:00,0,0
style.css,34,css,199339b3,rohanraval2,2025-04-18,15:28:22,-07:00,2025-04-18T15:28:22-07:00,0,6
style.css,35,css,199339b3,rohanraval2,2025-04-18,15:28:22,-07:00,2025-04-18T15:28:22-07:00,0,21
style.css,36,css,199339b3,rohanraval2,2025-04-18,15:28:22,-07:00,2025-04-18T15:28:22-07:00,0,12
style.css,37,css,199339b3,rohanraval2,2025-04-18,15:28:22,-07:00,2025-04-18T15:28:22-07:00,0,21
style.css,38,css,199339b3,rohanraval2,2025-04-18,15:28:22,-07:00,2025-04-18T15:28:22-07:00,0,12
style.css,39,css,199339b3,rohanraval2,2025-04-18,15:28:22,-07:00,2025-04-18T15:28:22-07:00,0,18
style.css,40,css,199339b3,rohanraval2,2025-04-18,15:28:22,-07:00,2025-04-18T15:28:22-07:00,0,38
style.css,41,css,199339b3,rohanraval2,2025-04-18,15:28:22,-07:00,2025-04-18T15:28:22-07:00,0,0
style.css,42,css,199339b3,rohanraval2,2025-04-18,15:28:22,-07:00,2025-04-18T15:28:22-07:00,0,0
style.css,43,css,199339b3,rohanraval2,2025-04-18,15:28:22,-07:00,2025-04-18T15:28:22-07:00,0,20
style.css,44,css,199339b3,rohanraval2,2025-04-18,15:28:22,-07:00,2025-04-18T15:28:22-07:00,0,11
style.css,45,css,199339b3,rohanraval2,2025-04-18,15:28:22,-07:00,2025-04-18T15:28:22-07:00,0,18
style.css,46,css,199339b3,rohanraval2,2025-04-18,15:28:22,-07:00,2025-04-18T15:28:22-07:00,0,9
style.css,47,css,199339b3,rohanraval2,2025-04-18,15:28:22,-07:00,2025-04-18T15:28:22-07:00,0,10
style.css,48,css,199339b3,rohanraval2,2025-04-18,15:28:22,-07:00,2025-04-18T15:28:22-07:00,0,13
style.css,49,css,199339b3,rohanraval2,2025-04-18,15:28:22,-07:00,2025-04-18T15:28:22-07:00,0,11
style.css,50,css,199339b3,rohanraval2,2025-04-18,15:28:22,-07:00,2025-04-18T15:28:22-07:00,0,25
style.css,51,css,199339b3,rohanraval2,2025-04-18,15:28:22,-07:00,2025-04-18T15:28:22-07:00,0,18
style.css,52,css,199339b3,rohanraval2,2025-04-18,15:28:22,-07:00,2025-04-18T15:28:22-07:00,0,0
style.css,53,css,199339b3,rohanraval2,2025-04-18,15:28:22,-07:00,2025-04-18T15:28:22-07:00,0,0
style.css,54,css,199339b3,rohanraval2,2025-04-18,15:28:22,-07:00,2025-04-18T15:28:22-07:00,0,12
style.css,55,css,199339b3,rohanraval2,2025-04-18,15:28:22,-07:00,2025-04-18T15:28:22-07:00,0,25
style.css,56,css,199339b3,rohanraval2,2025-04-18,15:28:22,-07:00,2025-04-18T15:28:22-07:00,0,0
style.css,57,css,199339b3,rohanraval2,2025-04-18,15:28:22,-07:00,2025-04-18T15:28:22-07:00,0,0
style.css,58,css,199339b3,rohanraval2,2025-04-18,15:28:22,-07:00,2025-04-18T15:28:22-07:00,0,19
style.css,59,css,199339b3,rohanraval2,2025-04-18,15:28:22,-07:00,2025-04-18T15:28:22-07:00,0,11
style.css,60,css,199339b3,rohanraval2,2025-04-18,15:28:22,-07:00,2025-04-18T15:28:22-07:00,0,18
style.css,61,css,199339b3,rohanraval2,2025-04-18,15:28:22,-07:00,2025-04-18T15:28:22-07:00,0,9
style.css,62,css,199339b3,rohanraval2,2025-04-18,15:28:22,-07:00,2025-04-18T15:28:22-07:00,0,10
style.css,63,css,199339b3,rohanraval2,2025-04-18,15:28:22,-07:00,2025-04-18T15:28:22-07:00,0,13
style.css,64,css,199339b3,rohanraval2,2025-04-18,15:28:22,-07:00,2025-04-18T15:28:22-07:00,0,11
style.css,65,css,199339b3,rohanraval2,2025-04-18,15:28:22,-07:00,2025-04-18T15:28:22-07:00,0,25
style.css,66,css,199339b3,rohanraval2,2025-04-18,15:28:22,-07:00,2025-04-18T15:28:22-07:00,0,18
style.css,67,css,199339b3,rohanraval2,2025-04-18,15:28:22,-07:00,2025-04-18T15:28:22-07:00,0,0
style.css,68,css,199339b3,rohanraval2,2025-04-18,15:28:22,-07:00,2025-04-18T15:28:22-07:00,0,0
style.css,69,css,199339b3,rohanraval2,2025-04-18,15:28:22,-07:00,2025-04-18T15:28:22-07:00,0,5
style.css,70,css,199339b3,rohanraval2,2025-04-18,15:28:22,-07:00,2025-04-18T15:28:22-07:00,0,8
style.css,71,css,199339b3,rohanraval2,2025-04-18,15:28:22,-07:00,2025-04-18T15:28:22-07:00,0,7
style.css,72,css,199339b3,rohanraval2,2025-04-18,15:28:22,-07:00,2025-04-18T15:28:22-07:00,0,13
style.css,73,css,199339b3,rohanraval2,2025-04-18,15:28:22,-07:00,2025-04-18T15:28:22-07:00,0,0
style.css,74,css,199339b3,rohanraval2,2025-04-18,15:28:22,-07:00,2025-04-18T15:28:22-07:00,0,0
style.css,75,css,199339b3,rohanraval2,2025-04-18,15:28:22,-07:00,2025-04-18T15:28:22-07:00,0,5
style.css,76,css,199339b3,rohanraval2,2025-04-18,15:28:22,-07:00,2025-04-18T15:28:22-07:00,0,13
style.css,77,css,199339b3,rohanraval2,2025-04-18,15:28:22,-07:00,2025-04-18T15:28:22-07:00,0,31
style.css,78,css,199339b3,rohanraval2,2025-04-18,15:28:22,-07:00,2025-04-18T15:28:22-07:00,0,8
style.css,79,css,199339b3,rohanraval2,2025-04-18,15:28:22,-07:00,2025-04-18T15:28:22-07:00,0,17
style.css,80,css,199339b3,rohanraval2,2025-04-18,15:28:22,-07:00,2025-04-18T15:28:22-07:00,0,0
style.css,81,css,199339b3,rohanraval2,2025-04-18,15:28:22,-07:00,2025-04-18T15:28:22-07:00,0,0
style.css,82,css,199339b3,rohanraval2,2025-04-18,15:28:22,-07:00,2025-04-18T15:28:22-07:00,0,11
style.css,83,css,199339b3,rohanraval2,2025-04-18,15:28:22,-07:00,2025-04-18T15:28:22-07:00,0,13
style.css,84,css,199339b3,rohanraval2,2025-04-18,15:28:22,-07:00,2025-04-18T15:28:22-07:00,0,30
style.css,85,css,199339b3,rohanraval2,2025-04-18,15:28:22,-07:00,2025-04-18T15:28:22-07:00,0,19
style.css,86,css,199339b3,rohanraval2,2025-04-18,15:28:22,-07:00,2025-04-18T15:28:22-07:00,0,0
style.css,87,css,199339b3,rohanraval2,2025-04-18,15:28:22,-07:00,2025-04-18T15:28:22-07:00,0,0
style.css,88,css,199339b3,rohanraval2,2025-04-18,15:28:22,-07:00,2025-04-18T15:28:22-07:00,0,10
style.css,89,css,199339b3,rohanraval2,2025-04-18,15:28:22,-07:00,2025-04-18T15:28:22-07:00,0,14
style.css,90,css,199339b3,rohanraval2,2025-04-18,15:28:22,-07:00,2025-04-18T15:28:22-07:00,0,11
style.css,91,css,199339b3,rohanraval2,2025-04-18,15:28:22,-07:00,2025-04-18T15:28:22-07:00,0,22
style.css,92,css,199339b3,rohanraval2,2025-04-18,15:28:22,-07:00,2025-04-18T15:28:22-07:00,0,0
style.css,93,css,199339b3,rohanraval2,2025-04-18,15:28:22,-07:00,2025-04-18T15:28:22-07:00,0,0
style.css,94,css,199339b3,rohanraval2,2025-04-18,15:28:22,-07:00,2025-04-18T15:28:22-07:00,0,12
style.css,95,css,199339b3,rohanraval2,2025-04-18,15:28:22,-07:00,2025-04-18T15:28:22-07:00,0,19
style.css,96,css,199339b3,rohanraval2,2025-04-18,15:28:22,-07:00,2025-04-18T15:28:22-07:00,0,0
style.css,97,css,199339b3,rohanraval2,2025-04-18,15:28:22,-07:00,2025-04-18T15:28:22-07:00,0,0
style.css,98,css,199339b3,rohanraval2,2025-04-18,15:28:22,-07:00,2025-04-18T15:28:22-07:00,0,10
style.css,99,css,199339b3,rohanraval2,2025-04-18,15:28:22,-07:00,2025-04-18T15:28:22-07:00,0,13
style.css,100,css,199339b3,rohanraval2,2025-04-18,15:28:22,-07:00,2025-04-18T15:28:22-07:00,0,59
style.css,101,css,199339b3,rohanraval2,2025-04-18,15:28:22,-07:00,2025-04-18T15:28:22-07:00,0,8
style.css,102,css,199339b3,rohanraval2,2025-04-18,15:28:22,-07:00,2025-04-18T15:28:22-07:00,0,15
style.css,103,css,199339b3,rohanraval2,2025-04-18,15:28:22,-07:00,2025-04-18T15:28:22-07:00,0,0
style.css,104,css,199339b3,rohanraval2,2025-04-18,15:28:22,-07:00,2025-04-18T15:28:22-07:00,0,0
style.css,105,css,199339b3,rohanraval2,2025-04-18,15:28:22,-07:00,2025-04-18T15:28:22-07:00,0,18
style.css,106,css,199339b3,rohanraval2,2025-04-18,15:28:22,-07:00,2025-04-18T15:28:22-07:00,0,13
style.css,107,css,199339b3,rohanraval2,2025-04-18,15:28:22,-07:00,2025-04-18T15:28:22-07:00,0,27
style.css,108,css,199339b3,rohanraval2,2025-04-18,15:28:22,-07:00,2025-04-18T15:28:22-07:00,0,16
style.css,109,css,199339b3,rohanraval2,2025-04-18,15:28:22,-07:00,2025-04-18T15:28:22-07:00,0,10
style.css,110,css,199339b3,rohanraval2,2025-04-18,15:28:22,-07:00,2025-04-18T15:28:22-07:00,0,12
style.css,111,css,199339b3,rohanraval2,2025-04-18,15:28:22,-07:00,2025-04-18T15:28:22-07:00,0,22
style.css,112,css,199339b3,rohanraval2,2025-04-18,15:28:22,-07:00,2025-04-18T15:28:22-07:00,0,20
style.css,113,css,199339b3,rohanraval2,2025-04-18,15:28:22,-07:00,2025-04-18T15:28:22-07:00,0,19
style.css,114,css,199339b3,rohanraval2,2025-04-18,15:28:22,-07:00,2025-04-18T15:28:22-07:00,0,0
style.css,115,css,199339b3,rohanraval2,2025-04-18,15:28:22,-07:00,2025-04-18T15:28:22-07:00,0,0
style.css,116,css,199339b3,rohanraval2,2025-04-18,15:28:22,-07:00,2025-04-18T15:28:22-07:00,0,13
style.css,117,css,199339b3,rohanraval2,2025-04-18,15:28:22,-07:00,2025-04-18T15:28:22-07:00,0,9
style.css,118,css,199339b3,rohanraval2,2025-04-18,15:28:22,-07:00,2025-04-18T15:28:22-07:00,0,0
style.css,119,css,199339b3,rohanraval2,2025-04-18,15:28:22,-07:00,2025-04-18T15:28:22-07:00,0,0
style.css,120,css,199339b3,rohanraval2,2025-04-18,15:28:22,-07:00,2025-04-18T15:28:22-07:00,0,3
style.css,121,css,199339b3,rohanraval2,2025-04-18,15:28:22,-07:00,2025-04-18T15:28:22-07:00,0,15
style.css,122,css,199339b3,rohanraval2,2025-04-18,15:28:22,-07:00,2025-04-18T15:28:22-07:00,0,19
style.css,123,css,199339b3,rohanraval2,2025-04-18,15:28:22,-07:00,2025-04-18T15:28:22-07:00,0,0
style.css,124,css,199339b3,rohanraval2,2025-04-18,15:28:22,-07:00,2025-04-18T15:28:22-07:00,0,0
style.css,125,css,199339b3,rohanraval2,2025-04-18,15:28:22,-07:00,2025-04-18T15:28:22-07:00,0,23
style.css,126,css,199339b3,rohanraval2,2025-04-18,15:28:22,-07:00,2025-04-18T15:28:22-07:00,0,16
style.css,127,css,199339b3,rohanraval2,2025-04-18,15:28:22,-07:00,2025-04-18T15:28:22-07:00,0,18
style.css,128,css,199339b3,rohanraval2,2025-04-18,15:28:22,-07:00,2025-04-18T15:28:22-07:00,0,0
style.css,129,css,199339b3,rohanraval2,2025-04-18,15:28:22,-07:00,2025-04-18T15:28:22-07:00,0,0
style.css,130,css,199339b3,rohanraval2,2025-04-18,15:28:22,-07:00,2025-04-18T15:28:22-07:00,0,16
style.css,131,css,199339b3,rohanraval2,2025-04-18,15:28:22,-07:00,2025-04-18T15:28:22-07:00,0,15
style.css,132,css,199339b3,rohanraval2,2025-04-18,15:28:22,-07:00,2025-04-18T15:28:22-07:00,0,18
style.css,133,css,199339b3,rohanraval2,2025-04-18,15:28:22,-07:00,2025-04-18T15:28:22-07:00,0,19
style.css,134,css,199339b3,rohanraval2,2025-04-18,15:28:22,-07:00,2025-04-18T15:28:22-07:00,0,0
style.css,135,css,199339b3,rohanraval2,2025-04-18,15:28:22,-07:00,2025-04-18T15:28:22-07:00,0,0
style.css,136,css,199339b3,rohanraval2,2025-04-18,15:28:22,-07:00,2025-04-18T15:28:22-07:00,0,21
style.css,137,css,199339b3,rohanraval2,2025-04-18,15:28:22,-07:00,2025-04-18T15:28:22-07:00,0,18
style.css,138,css,199339b3,rohanraval2,2025-04-18,15:28:22,-07:00,2025-04-18T15:28:22-07:00,0,0
style.css,139,css,199339b3,rohanraval2,2025-04-18,15:28:22,-07:00,2025-04-18T15:28:22-07:00,0,0
style.css,140,css,199339b3,rohanraval2,2025-04-18,15:28:22,-07:00,2025-04-18T15:28:22-07:00,0,21
style.css,141,css,199339b3,rohanraval2,2025-04-18,15:28:22,-07:00,2025-04-18T15:28:22-07:00,0,12
style.css,142,css,199339b3,rohanraval2,2025-04-18,15:28:22,-07:00,2025-04-18T15:28:22-07:00,0,18
style.css,143,css,c95b0e84,rohanraval2,2025-04-18,23:13:14,-07:00,2025-04-18T23:13:14-07:00,0,24
style.css,144,css,199339b3,rohanraval2,2025-04-18,15:28:22,-07:00,2025-04-18T15:28:22-07:00,0,25
style.css,145,css,199339b3,rohanraval2,2025-04-18,15:28:22,-07:00,2025-04-18T15:28:22-07:00,0,20
style.css,146,css,199339b3,rohanraval2,2025-04-18,15:28:22,-07:00,2025-04-18T15:28:22-07:00,0,0
style.css,147,css,199339b3,rohanraval2,2025-04-18,15:28:22,-07:00,2025-04-18T15:28:22-07:00,0,0
style.css,148,css,199339b3,rohanraval2,2025-04-18,15:28:22,-07:00,2025-04-18T15:28:22-07:00,0,25
style.css,149,css,8cdd8e64,rohanraval2,2025-04-18,12:32:05,-07:00,2025-04-18T12:32:05-07:00,0,5
style.css,150,css,8cdd8e64,rohanraval2,2025-04-18,12:32:05,-07:00,2025-04-18T12:32:05-07:00,0,24
style.css,151,css,8cdd8e64,rohanraval2,2025-04-18,12:32:05,-07:00,2025-04-18T12:32:05-07:00,0,24
style.css,152,css,8cdd8e64,rohanraval2,2025-04-18,12:32:05,-07:00,2025-04-18T12:32:05-07:00,0,17
style.css,153,css,b11d12cf,rohanraval2,2025-04-18,12:43:24,-07:00,2025-04-18T12:43:24-07:00,0,34
style.css,154,css,b11d12cf,rohanraval2,2025-04-18,12:43:24,-07:00,2025-04-18T12:43:24-07:00,0,16
style.css,155,css,b11d12cf,rohanraval2,2025-04-18,12:43:24,-07:00,2025-04-18T12:43:24-07:00,0,9
style.css,156,css,b11d12cf,rohanraval2,2025-04-18,12:43:24,-07:00,2025-04-18T12:43:24-07:00,0,10
style.css,157,css,b11d12cf,rohanraval2,2025-04-18,12:43:24,-07:00,2025-04-18T12:43:24-07:00,0,0
style.css,158,css,b11d12cf,rohanraval2,2025-04-18,12:43:24,-07:00,2025-04-18T12:43:24-07:00,0,0
style.css,159,css,199339b3,rohanraval2,2025-04-18,15:28:22,-07:00,2025-04-18T15:28:22-07:00,0,15
style.css,160,css,b11d12cf,rohanraval2,2025-04-18,12:43:24,-07:00,2025-04-18T12:43:24-07:00,0,4
style.css,161,css,b11d12cf,rohanraval2,2025-04-18,12:43:24,-07:00,2025-04-18T12:43:24-07:00,0,13
style.css,162,css,b11d12cf,rohanraval2,2025-04-18,12:43:24,-07:00,2025-04-18T12:43:24-07:00,0,23
style.css,163,css,b11d12cf,rohanraval2,2025-04-18,12:43:24,-07:00,2025-04-18T12:43:24-07:00,0,9
style.css,164,css,b11d12cf,rohanraval2,2025-04-18,12:43:24,-07:00,2025-04-18T12:43:24-07:00,0,13
style.css,165,css,b11d12cf,rohanraval2,2025-04-18,12:43:24,-07:00,2025-04-18T12:43:24-07:00,0,70
style.css,166,css,b11d12cf,rohanraval2,2025-04-18,12:43:24,-07:00,2025-04-18T12:43:24-07:00,0,0
style.css,167,css,b11d12cf,rohanraval2,2025-04-18,12:43:24,-07:00,2025-04-18T12:43:24-07:00,0,0
style.css,168,css,199339b3,rohanraval2,2025-04-18,15:28:22,-07:00,2025-04-18T15:28:22-07:00,0,14
style.css,169,css,b11d12cf,rohanraval2,2025-04-18,12:43:24,-07:00,2025-04-18T12:43:24-07:00,0,6
style.css,170,css,b11d12cf,rohanraval2,2025-04-18,12:43:24,-07:00,2025-04-18T12:43:24-07:00,0,21
style.css,171,css,b11d12cf,rohanraval2,2025-04-18,12:43:24,-07:00,2025-04-18T12:43:24-07:00,0,14
style.css,172,css,b11d12cf,rohanraval2,2025-04-18,12:43:24,-07:00,2025-04-18T12:43:24-07:00,0,15
style.css,173,css,b11d12cf,rohanraval2,2025-04-18,12:43:24,-07:00,2025-04-18T12:43:24-07:00,0,16
style.css,174,css,b11d12cf,rohanraval2,2025-04-18,12:43:24,-07:00,2025-04-18T12:43:24-07:00,0,33
style.css,175,css,8cdd8e64,rohanraval2,2025-04-18,12:32:05,-07:00,2025-04-18T12:32:05-07:00,0,0
style.css,176,css,8cdd8e64,rohanraval2,2025-04-18,12:32:05,-07:00,2025-04-18T12:32:05-07:00,0,0
style.css,177,css,b11d12cf,rohanraval2,2025-04-18,12:43:24,-07:00,2025-04-18T12:43:24-07:00,0,14
style.css,178,css,b11d12cf,rohanraval2,2025-04-18,12:43:24,-07:00,2025-04-18T12:43:24-07:00,0,17
style.css,179,css,b11d12cf,rohanraval2,2025-04-18,12:43:24,-07:00,2025-04-18T12:43:24-07:00,0,26
style.css,180,css,b11d12cf,rohanraval2,2025-04-18,12:43:24,-07:00,2025-04-18T12:43:24-07:00,0,0
style.css,181,css,b11d12cf,rohanraval2,2025-04-18,12:43:24,-07:00,2025-04-18T12:43:24-07:00,0,0
style.css,182,css,b11d12cf,rohanraval2,2025-04-18,12:43:24,-07:00,2025-04-18T12:43:24-07:00,0,12
style.css,183,css,b11d12cf,rohanraval2,2025-04-18,12:43:24,-07:00,2025-04-18T12:43:24-07:00,0,90
style.css,184,css,b11d12cf,rohanraval2,2025-04-18,12:43:24,-07:00,2025-04-18T12:43:24-07:00,0,22
style.css,185,css,b11d12cf,rohanraval2,2025-04-18,12:43:24,-07:00,2025-04-18T12:43:24-07:00,0,0
style.css,186,css,b11d12cf,rohanraval2,2025-04-18,12:43:24,-07:00,2025-04-18T12:43:24-07:00,0,0
style.css,187,css,199339b3,rohanraval2,2025-04-18,15:28:22,-07:00,2025-04-18T15:28:22-07:00,0,21
style.css,188,css,8cdd8e64,rohanraval2,2025-04-18,12:32:05,-07:00,2025-04-18T12:32:05-07:00,0,14
style.css,189,css,8cdd8e64,rohanraval2,2025-04-18,12:32:05,-07:00,2025-04-18T12:32:05-07:00,0,18
style.css,190,css,8cdd8e64,rohanraval2,2025-04-18,12:32:05,-07:00,2025-04-18T12:32:05-07:00,0,9
style.css,191,css,8cdd8e64,rohanraval2,2025-04-18,12:32:05,-07:00,2025-04-18T12:32:05-07:00,0,11
style.css,192,css,8cdd8e64,rohanraval2,2025-04-18,12:32:05,-07:00,2025-04-18T12:32:05-07:00,0,17
style.css,193,css,8cdd8e64,rohanraval2,2025-04-18,12:32:05,-07:00,2025-04-18T12:32:05-07:00,0,20
style.css,194,css,8cdd8e64,rohanraval2,2025-04-18,12:32:05,-07:00,2025-04-18T12:32:05-07:00,0,0
style.css,195,css,8cdd8e64,rohanraval2,2025-04-18,12:32:05,-07:00,2025-04-18T12:32:05-07:00,0,0
style.css,196,css,8cdd8e64,rohanraval2,2025-04-18,12:32:05,-07:00,2025-04-18T12:32:05-07:00,0,21
style.css,197,css,8cdd8e64,rohanraval2,2025-04-18,12:32:05,-07:00,2025-04-18T12:32:05-07:00,0,20
style.css,198,css,8cdd8e64,rohanraval2,2025-04-18,12:32:05,-07:00,2025-04-18T12:32:05-07:00,0,0
style.css,199,css,8cdd8e64,rohanraval2,2025-04-18,12:32:05,-07:00,2025-04-18T12:32:05-07:00,0,0
style.css,200,css,199339b3,rohanraval2,2025-04-18,15:28:22,-07:00,2025-04-18T15:28:22-07:00,0,17
style.css,201,css,199339b3,rohanraval2,2025-04-18,15:28:22,-07:00,2025-04-18T15:28:22-07:00,0,7
style.css,202,css,199339b3,rohanraval2,2025-04-18,15:28:22,-07:00,2025-04-18T15:28:22-07:00,0,22
style.css,203,css,b11d12cf,rohanraval2,2025-04-18,12:43:24,-07:00,2025-04-18T12:43:24-07:00,0,17
style.css,204,css,8cdd8e64,rohanraval2,2025-04-18,12:32:05,-07:00,2025-04-18T12:32:05-07:00,0,0
style.css,205,css,8cdd8e64,rohanraval2,2025-04-18,12:32:05,-07:00,2025-04-18T12:32:05-07:00,0,0
style.css,206,css,199339b3,rohanraval2,2025-04-18,15:28:22,-07:00,2025-04-18T15:28:22-07:00,0,3
style.css,207,css,79e5a4e1,rohanraval2,2025-04-18,13:07:39,-07:00,2025-04-18T13:07:39-07:00,0,17
style.css,208,css,79e5a4e1,rohanraval2,2025-04-18,13:07:39,-07:00,2025-04-18T13:07:39-07:00,0,18
style.css,209,css,199339b3,rohanraval2,2025-04-18,15:28:22,-07:00,2025-04-18T15:28:22-07:00,0,17
style.css,210,css,199339b3,rohanraval2,2025-04-18,15:28:22,-07:00,2025-04-18T15:28:22-07:00,0,16
style.css,211,css,199339b3,rohanraval2,2025-04-18,15:28:22,-07:00,2025-04-18T15:28:22-07:00,0,22
style.css,212,css,199339b3,rohanraval2,2025-04-18,15:28:22,-07:00,2025-04-18T15:28:22-07:00,0,21
style.css,213,css,199339b3,rohanraval2,2025-04-18,15:28:22,-07:00,2025-04-18T15:28:22-07:00,0,42
style.css,214,css,f73ce334,rohanraval2,2025-04-18,13:35:53,-07:00,2025-04-18T13:35:53-07:00,0,0
style.css,215,css,f73ce334,rohanraval2,2025-04-18,13:35:53,-07:00,2025-04-18T13:35:53-07:00,0,0
style.css,216,css,79e5a4e1,rohanraval2,2025-04-18,13:07:39,-07:00,2025-04-18T13:07:39-07:00,0,8
style.css,217,css,a24787ab,rohanraval2,2025-04-18,15:35:55,-07:00,2025-04-18T15:35:55-07:00,0,56
style.css,218,css,79e5a4e1,rohanraval2,2025-04-18,13:07:39,-07:00,2025-04-18T13:07:39-07:00,0,17
style.css,219,css,199339b3,rohanraval2,2025-04-18,15:28:22,-07:00,2025-04-18T15:28:22-07:00,0,43
style.css,220,css,199339b3,rohanraval2,2025-04-18,15:28:22,-07:00,2025-04-18T15:28:22-07:00,0,22
style.css,221,css,199339b3,rohanraval2,2025-04-18,15:28:22,-07:00,2025-04-18T15:28:22-07:00,0,16
style.css,222,css,199339b3,rohanraval2,2025-04-18,15:28:22,-07:00,2025-04-18T15:28:22-07:00,0,17
style.css,223,css,79e5a4e1,rohanraval2,2025-04-18,13:07:39,-07:00,2025-04-18T13:07:39-07:00,0,22
style.css,224,css,79e5a4e1,rohanraval2,2025-04-18,13:07:39,-07:00,2025-04-18T13:07:39-07:00,0,16
style.css,225,css,79e5a4e1,rohanraval2,2025-04-18,13:07:39,-07:00,2025-04-18T13:07:39-07:00,0,15
style.css,226,css,199339b3,rohanraval2,2025-04-18,15:28:22,-07:00,2025-04-18T15:28:22-07:00,0,44
style.css,227,css,79e5a4e1,rohanraval2,2025-04-18,13:07:39,-07:00,2025-04-18T13:07:39-07:00,0,0
style.css,228,css,79e5a4e1,rohanraval2,2025-04-18,13:07:39,-07:00,2025-04-18T13:07:39-07:00,0,0
style.css,229,css,f73ce334,rohanraval2,2025-04-18,13:35:53,-07:00,2025-04-18T13:35:53-07:00,0,0
style.css,230,css,199339b3,rohanraval2,2025-04-18,15:28:22,-07:00,2025-04-18T15:28:22-07:00,0,30
style.css,231,css,199339b3,rohanraval2,2025-04-18,15:28:22,-07:00,2025-04-18T15:28:22-07:00,0,16
style.css,232,css,199339b3,rohanraval2,2025-04-18,15:28:22,-07:00,2025-04-18T15:28:22-07:00,0,56
style.css,233,css,199339b3,rohanraval2,2025-04-18,15:28:22,-07:00,2025-04-18T15:28:22-07:00,0,17
style.css,234,css,199339b3,rohanraval2,2025-04-18,15:28:22,-07:00,2025-04-18T15:28:22-07:00,0,43
style.css,235,css,199339b3,rohanraval2,2025-04-18,15:28:22,-07:00,2025-04-18T15:28:22-07:00,0,22
style.css,236,css,199339b3,rohanraval2,2025-04-18,15:28:22,-07:00,2025-04-18T15:28:22-07:00,0,16
style.css,237,css,199339b3,rohanraval2,2025-04-18,15:28:22,-07:00,2025-04-18T15:28:22-07:00,0,17
style.css,238,css,199339b3,rohanraval2,2025-04-18,15:28:22,-07:00,2025-04-18T15:28:22-07:00,0,22
style.css,239,css,199339b3,rohanraval2,2025-04-18,15:28:22,-07:00,2025-04-18T15:28:22-07:00,0,46
style.css,240,css,f73ce334,rohanraval2,2025-04-18,13:35:53,-07:00,2025-04-18T13:35:53-07:00,0,0
style.css,241,css,f73ce334,rohanraval2,2025-04-18,13:35:53,-07:00,2025-04-18T13:35:53-07:00,0,0
style.css,242,css,199339b3,rohanraval2,2025-04-18,15:28:22,-07:00,2025-04-18T15:28:22-07:00,0,22
style.css,243,css,b11d12cf,rohanraval2,2025-04-18,12:43:24,-07:00,2025-04-18T12:43:24-07:00,0,2
style.css,244,css,199339b3,rohanraval2,2025-04-18,15:28:22,-07:00,2025-04-18T15:28:22-07:00,0,12
style.css,245,css,17c5ea66,rohanraval2,2025-04-18,16:04:54,-07:00,2025-04-18T16:04:54-07:00,0,0
style.css,246,css,17c5ea66,rohanraval2,2025-04-18,16:04:54,-07:00,2025-04-18T16:04:54-07:00,0,0
style.css,247,css,17c5ea66,rohanraval2,2025-04-18,16:04:54,-07:00,2025-04-18T16:04:54-07:00,0,6
style.css,248,css,17c5ea66,rohanraval2,2025-04-18,16:04:54,-07:00,2025-04-18T16:04:54-07:00,0,70
style.css,249,css,17c5ea66,rohanraval2,2025-04-18,16:04:54,-07:00,2025-04-18T16:04:54-07:00,0,19
style.css,250,css,17c5ea66,rohanraval2,2025-04-18,16:04:54,-07:00,2025-04-18T16:04:54-07:00,0,15
style.css,251,css,17c5ea66,rohanraval2,2025-04-18,16:04:54,-07:00,2025-04-18T16:04:54-07:00,0,78
style.css,252,css,17c5ea66,rohanraval2,2025-04-18,16:04:54,-07:00,2025-04-18T16:04:54-07:00,0,19
style.css,253,css,17c5ea66,rohanraval2,2025-04-18,16:04:54,-07:00,2025-04-18T16:04:54-07:00,0,0
style.css,254,css,17c5ea66,rohanraval2,2025-04-18,16:04:54,-07:00,2025-04-18T16:04:54-07:00,0,0
style.css,255,css,17c5ea66,rohanraval2,2025-04-18,16:04:54,-07:00,2025-04-18T16:04:54-07:00,0,12
style.css,256,css,17c5ea66,rohanraval2,2025-04-18,16:04:54,-07:00,2025-04-18T16:04:54-07:00,0,75
style.css,257,css,3a044c68,rohanraval2,2025-04-18,22:47:08,-07:00,2025-04-18T22:47:08-07:00,0,0
style.css,258,css,3a044c68,rohanraval2,2025-04-18,22:47:08,-07:00,2025-04-18T22:47:08-07:00,0,0
style.css,259,css,40f15f67,rohanraval2,2025-04-18,22:56:14,-07:00,2025-04-18T22:56:14-07:00,0,0
style.css,260,css,b44d848e,rohanraval2,2025-04-18,23:02:07,-07:00,2025-04-18T23:02:07-07:00,0,40
style.css,261,css,40f15f67,rohanraval2,2025-04-18,22:56:14,-07:00,2025-04-18T22:56:14-07:00,0,24
style.css,262,css,40f15f67,rohanraval2,2025-04-18,22:56:14,-07:00,2025-04-18T22:56:14-07:00,0,17
style.css,263,css,40f15f67,rohanraval2,2025-04-18,22:56:14,-07:00,2025-04-18T22:56:14-07:00,0,19
style.css,264,css,40f15f67,rohanraval2,2025-04-18,22:56:14,-07:00,2025-04-18T22:56:14-07:00,0,19
style.css,265,css,40f15f67,rohanraval2,2025-04-18,22:56:14,-07:00,2025-04-18T22:56:14-07:00,0,40
style.css,266,css,40f15f67,rohanraval2,2025-04-18,22:56:14,-07:00,2025-04-18T22:56:14-07:00,0,16
style.css,267,css,40f15f67,rohanraval2,2025-04-18,22:56:14,-07:00,2025-04-18T22:56:14-07:00,0,15
style.css,268,css,40f15f67,rohanraval2,2025-04-18,22:56:14,-07:00,2025-04-18T22:56:14-07:00,0,0
style.css,269,css,40f15f67,rohanraval2,2025-04-18,22:56:14,-07:00,2025-04-18T22:56:14-07:00,0,0
style.css,270,css,40f15f67,rohanraval2,2025-04-18,22:56:14,-07:00,2025-04-18T22:56:14-07:00,0,0
style.css,271,css,40f15f67,rohanraval2,2025-04-18,22:56:14,-07:00,2025-04-18T22:56:14-07:00,0,0
style.css,272,css,3a044c68,rohanraval2,2025-04-18,22:47:08,-07:00,2025-04-18T22:47:08-07:00,0,36
style.css,273,css,b44d848e,rohanraval2,2025-04-18,23:02:07,-07:00,2025-04-18T23:02:07-07:00,0,40
style.css,274,css,be3b2c46,rohanraval2,2025-04-23,13:15:19,-07:00,2025-04-23T13:15:19-07:00,0,24
style.css,275,css,40f15f67,rohanraval2,2025-04-18,22:56:14,-07:00,2025-04-18T22:56:14-07:00,0,17
style.css,276,css,3a044c68,rohanraval2,2025-04-18,22:47:08,-07:00,2025-04-18T22:47:08-07:00,0,0
style.css,277,css,3a044c68,rohanraval2,2025-04-18,22:47:08,-07:00,2025-04-18T22:47:08-07:00,0,0
style.css,278,css,40f15f67,rohanraval2,2025-04-18,22:56:14,-07:00,2025-04-18T22:56:14-07:00,0,0
style.css,279,css,9cd9d384,rohanraval2,2025-04-25,20:01:59,-07:00,2025-04-25T20:01:59-07:00,0,15
style.css,280,css,2ded1309,rohanraval2,2025-04-25,20:43:40,-07:00,2025-04-25T20:43:40-07:00,0,16
style.css,281,css,2ded1309,rohanraval2,2025-04-25,20:43:40,-07:00,2025-04-25T20:43:40-07:00,0,19
style.css,282,css,9cd9d384,rohanraval2,2025-04-25,20:01:59,-07:00,2025-04-25T20:01:59-07:00,0,19
style.css,283,css,2ded1309,rohanraval2,2025-04-25,20:43:40,-07:00,2025-04-25T20:43:40-07:00,0,20
style.css,284,css,2ded1309,rohanraval2,2025-04-25,20:43:40,-07:00,2025-04-25T20:43:40-07:00,0,13
style.css,285,css,2ded1309,rohanraval2,2025-04-25,20:43:40,-07:00,2025-04-25T20:43:40-07:00,0,37
style.css,286,css,bab2eab6,rohanraval2,2025-04-25,20:05:49,-07:00,2025-04-25T20:05:49-07:00,0,18
style.css,287,css,2ded1309,rohanraval2,2025-04-25,20:43:40,-07:00,2025-04-25T20:43:40-07:00,0,23
style.css,288,css,2ded1309,rohanraval2,2025-04-25,20:43:40,-07:00,2025-04-25T20:43:40-07:00,0,53
style.css,289,css,bab2eab6,rohanraval2,2025-04-25,20:05:49,-07:00,2025-04-25T20:05:49-07:00,0,0
style.css,290,css,bab2eab6,rohanraval2,2025-04-25,20:05:49,-07:00,2025-04-25T20:05:49-07:00,0,0
style.css,291,css,2ded1309,rohanraval2,2025-04-25,20:43:40,-07:00,2025-04-25T20:43:40-07:00,0,18
style.css,292,css,2ded1309,rohanraval2,2025-04-25,20:43:40,-07:00,2025-04-25T20:43:40-07:00,0,18
style.css,293,css,bab2eab6,rohanraval2,2025-04-25,20:05:49,-07:00,2025-04-25T20:05:49-07:00,0,25
style.css,294,css,2ded1309,rohanraval2,2025-04-25,20:43:40,-07:00,2025-04-25T20:43:40-07:00,0,14
style.css,295,css,2ded1309,rohanraval2,2025-04-25,20:43:40,-07:00,2025-04-25T20:43:40-07:00,0,16
style.css,296,css,9cd9d384,rohanraval2,2025-04-25,20:01:59,-07:00,2025-04-25T20:01:59-07:00,0,0
style.css,297,css,9cd9d384,rohanraval2,2025-04-25,20:01:59,-07:00,2025-04-25T20:01:59-07:00,0,0
style.css,298,css,2ded1309,rohanraval2,2025-04-25,20:43:40,-07:00,2025-04-25T20:43:40-07:00,0,18
style.css,299,css,2ded1309,rohanraval2,2025-04-25,20:43:40,-07:00,2025-04-25T20:43:40-07:00,0,9
style.css,300,css,2ded1309,rohanraval2,2025-04-25,20:43:40,-07:00,2025-04-25T20:43:40-07:00,0,17
style.css,301,css,2ded1309,rohanraval2,2025-04-25,20:43:40,-07:00,2025-04-25T20:43:40-07:00,0,16
style.css,302,css,2ded1309,rohanraval2,2025-04-25,20:43:40,-07:00,2025-04-25T20:43:40-07:00,0,12
style.css,303,css,7ae1d0a4,rohanraval2,2025-04-25,20:48:49,-07:00,2025-04-25T20:48:49-07:00,0,0
style.css,304,css,c25a35ab,rohanraval2,2025-05-02,13:16:11,-07:00,2025-05-02T13:16:11-07:00,0,0
style.css,305,css,9e148310,rohanraval2,2025-05-02,13:25:27,-07:00,2025-05-02T13:25:27-07:00,0,19
style.css,306,css,9e148310,rohanraval2,2025-05-02,13:25:27,-07:00,2025-05-02T13:25:27-07:00,0,15
style.css,307,css,9e148310,rohanraval2,2025-05-02,13:25:27,-07:00,2025-05-02T13:25:27-07:00,0,17
style.css,308,css,9e148310,rohanraval2,2025-05-02,13:25:27,-07:00,2025-05-02T13:25:27-07:00,0,17
style.css,309,css,9e148310,rohanraval2,2025-05-02,13:25:27,-07:00,2025-05-02T13:25:27-07:00,0,0
style.css,310,css,9e148310,rohanraval2,2025-05-02,13:25:27,-07:00,2025-05-02T13:25:27-07:00,0,0
style.css,311,css,9e148310,rohanraval2,2025-05-02,13:25:27,-07:00,2025-05-02T13:25:27-07:00,0,8
style.css,312,css,9e148310,rohanraval2,2025-05-02,13:25:27,-07:00,2025-05-02T13:25:27-07:00,0,13
style.css,313,css,9e148310,rohanraval2,2025-05-02,13:25:27,-07:00,2025-05-02T13:25:27-07:00,0,58
style.css,314,css,9e148310,rohanraval2,2025-05-02,13:25:27,-07:00,2025-05-02T13:25:27-07:00,0,8
style.css,315,css,9e148310,rohanraval2,2025-05-02,13:25:27,-07:00,2025-05-02T13:25:27-07:00,0,12
style.css,316,css,9e148310,rohanraval2,2025-05-02,13:25:27,-07:00,2025-05-02T13:25:27-07:00,0,22
style.css,317,css,9e148310,rohanraval2,2025-05-02,13:25:27,-07:00,2025-05-02T13:25:27-07:00,0,20
style.css,318,css,9e148310,rohanraval2,2025-05-02,13:25:27,-07:00,2025-05-02T13:25:27-07:00,0,0
style.css,319,css,9e148310,rohanraval2,2025-05-02,13:25:27,-07:00,2025-05-02T13:25:27-07:00,0,0
style.css,320,css,9e148310,rohanraval2,2025-05-02,13:25:27,-07:00,2025-05-02T13:25:27-07:00,0,11
style.css,321,css,9e148310,rohanraval2,2025-05-02,13:25:27,-07:00,2025-05-02T13:25:27-07:00,0,13
style.css,322,css,9e148310,rohanraval2,2025-05-02,13:25:27,-07:00,2025-05-02T13:25:27-07:00,0,19
style.css,323,css,9e148310,rohanraval2,2025-05-02,13:25:27,-07:00,2025-05-02T13:25:27-07:00,0,10
style.css,324,css,9e148310,rohanraval2,2025-05-02,13:25:27,-07:00,2025-05-02T13:25:27-07:00,0,0
style.css,325,css,9e148310,rohanraval2,2025-05-02,13:25:27,-07:00,2025-05-02T13:25:27-07:00,0,0
style.css,326,css,9e148310,rohanraval2,2025-05-02,13:25:27,-07:00,2025-05-02T13:25:27-07:00,0,16
style.css,327,css,9e148310,rohanraval2,2025-05-02,13:25:27,-07:00,2025-05-02T13:25:27-07:00,0,21
style.css,328,css,9e148310,rohanraval2,2025-05-02,13:25:27,-07:00,2025-05-02T13:25:27-07:00,0,10
style.css,329,css,9e148310,rohanraval2,2025-05-02,13:25:27,-07:00,2025-05-02T13:25:27-07:00,0,11
style.css,330,css,9e148310,rohanraval2,2025-05-02,13:25:27,-07:00,2025-05-02T13:25:27-07:00,0,15
style.css,331,css,9e148310,rohanraval2,2025-05-02,13:25:27,-07:00,2025-05-02T13:25:27-07:00,0,21
style.css,332,css,9e148310,rohanraval2,2025-05-02,13:25:27,-07:00,2025-05-02T13:25:27-07:00,0,30
style.css,333,css,9e148310,rohanraval2,2025-05-02,13:25:27,-07:00,2025-05-02T13:25:27-07:00,0,0
style.css,334,css,9e148310,rohanraval2,2025-05-02,13:25:27,-07:00,2025-05-02T13:25:27-07:00,0,0
style.css,335,css,9e148310,rohanraval2,2025-05-02,13:25:27,-07:00,2025-05-02T13:25:27-07:00,0,5
style.css,336,css,9e148310,rohanraval2,2025-05-02,13:25:27,-07:00,2025-05-02T13:25:27-07:00,0,17
style.css,337,css,9e148310,rohanraval2,2025-05-02,13:25:27,-07:00,2025-05-02T13:25:27-07:00,0,15
style.css,338,css,9e148310,rohanraval2,2025-05-02,13:25:27,-07:00,2025-05-02T13:25:27-07:00,0,0
style.css,339,css,9e148310,rohanraval2,2025-05-02,13:25:27,-07:00,2025-05-02T13:25:27-07:00,0,0
style.css,340,css,9e148310,rohanraval2,2025-05-02,13:25:27,-07:00,2025-05-02T13:25:27-07:00,0,37
style.css,341,css,9e148310,rohanraval2,2025-05-02,13:25:27,-07:00,2025-05-02T13:25:27-07:00,0,12
style.css,342,css,9e148310,rohanraval2,2025-05-02,13:25:27,-07:00,2025-05-02T13:25:27-07:00,0,0
style.css,343,css,9e148310,rohanraval2,2025-05-02,13:25:27,-07:00,2025-05-02T13:25:27-07:00,0,0
style.css,344,css,9e148310,rohanraval2,2025-05-02,13:25:27,-07:00,2025-05-02T13:25:27-07:00,0,10
style.css,345,css,9e148310,rohanraval2,2025-05-02,13:25:27,-07:00,2025-05-02T13:25:27-07:00,0,36
style.css,346,css,9e148310,rohanraval2,2025-05-02,13:25:27,-07:00,2025-05-02T13:25:27-07:00,0,0
style.css,347,css,9e148310,rohanraval2,2025-05-02,13:25:27,-07:00,2025-05-02T13:25:27-07:00,0,0
style.css,348,css,9e148310,rohanraval2,2025-05-02,13:25:27,-07:00,2025-05-02T13:25:27-07:00,0,15
style.css,349,css,9e148310,rohanraval2,2025-05-02,13:25:27,-07:00,2025-05-02T13:25:27-07:00,0,18
style.css,350,css,9e148310,rohanraval2,2025-05-02,13:25:27,-07:00,2025-05-02T13:25:27-07:00,0,0
style.css,351,css,9e148310,rohanraval2,2025-05-02,13:25:27,-07:00,2025-05-02T13:25:27-07:00,0,0
style.css,352,css,c25a35ab,rohanraval2,2025-05-02,13:16:11,-07:00,2025-05-02T13:16:11-07:00,0,0
index.js,1,js,2ded1309,rohanraval2,2025-04-25,20:43:40,-07:00,2025-04-25T20:43:40-07:00,0,72
index.js,2,js,c77d4968,rohanraval2,2025-04-25,10:17:44,-07:00,2025-04-25T10:17:44-07:00,0,0
index.js,3,js,2ded1309,rohanraval2,2025-04-25,20:43:40,-07:00,2025-04-25T20:43:40-07:00,0,58
index.js,4,js,c77d4968,rohanraval2,2025-04-25,10:17:44,-07:00,2025-04-25T10:17:44-07:00,0,46
index.js,5,js,c77d4968,rohanraval2,2025-04-25,10:17:44,-07:00,2025-04-25T10:17:44-07:00,0,0
index.js,6,js,c77d4968,rohanraval2,2025-04-25,10:17:44,-07:00,2025-04-25T10:17:44-07:00,0,61
index.js,7,js,c77d4968,rohanraval2,2025-04-25,10:17:44,-07:00,2025-04-25T10:17:44-07:00,0,55
index.js,8,js,c77d4968,rohanraval2,2025-04-25,10:17:44,-07:00,2025-04-25T10:17:44-07:00,0,0
index.js,9,js,c77d4968,rohanraval2,2025-04-25,10:17:44,-07:00,2025-04-25T10:17:44-07:00,0,55
index.js,10,js,c77d4968,rohanraval2,2025-04-25,10:17:44,-07:00,2025-04-25T10:17:44-07:00,0,61
index.js,11,js,2ded1309,rohanraval2,2025-04-25,20:43:40,-07:00,2025-04-25T20:43:40-07:00,0,18
index.js,12,js,2ded1309,rohanraval2,2025-04-25,20:43:40,-07:00,2025-04-25T20:43:40-07:00,0,25
index.js,13,js,2ded1309,rohanraval2,2025-04-25,20:43:40,-07:00,2025-04-25T20:43:40-07:00,0,3
index.js,14,js,2ded1309,rohanraval2,2025-04-25,20:43:40,-07:00,2025-04-25T20:43:40-07:00,0,56
index.js,15,js,2ded1309,rohanraval2,2025-04-25,20:43:40,-07:00,2025-04-25T20:43:40-07:00,0,56
index.js,16,js,2ded1309,rohanraval2,2025-04-25,20:43:40,-07:00,2025-04-25T20:43:40-07:00,0,50
index.js,17,js,2ded1309,rohanraval2,2025-04-25,20:43:40,-07:00,2025-04-25T20:43:40-07:00,0,50
index.js,18,js,2ded1309,rohanraval2,2025-04-25,20:43:40,-07:00,2025-04-25T20:43:40-07:00,0,4
index.js,19,js,2ded1309,rohanraval2,2025-04-25,20:43:40,-07:00,2025-04-25T20:43:40-07:00,0,1
index.js,20,js,2ded1309,rohanraval2,2025-04-25,20:43:40,-07:00,2025-04-25T20:43:40-07:00,0,0
index.html,1,html,b19d8d6c,rohanraval2,2025-04-02,16:13:48,-07:00,2025-04-02T16:13:48-07:00,0,14
index.html,2,html,b19d8d6c,rohanraval2,2025-04-02,16:13:48,-07:00,2025-04-02T16:13:48-07:00,0,15
index.html,3,html,b19d8d6c,rohanraval2,2025-04-02,16:13:48,-07:00,2025-04-02T16:13:48-07:00,0,5
index.html,4,html,c77d4968,rohanraval2,2025-04-25,10:17:44,-07:00,2025-04-25T10:17:44-07:00,0,23
index.html,5,html,c77d4968,rohanraval2,2025-04-25,10:17:44,-07:00,2025-04-25T10:17:44-07:00,0,70
index.html,6,html,c77d4968,rohanraval2,2025-04-25,10:17:44,-07:00,2025-04-25T10:17:44-07:00,0,54
index.html,7,html,c77d4968,rohanraval2,2025-04-25,10:17:44,-07:00,2025-04-25T10:17:44-07:00,0,41
index.html,8,html,b19d8d6c,rohanraval2,2025-04-02,16:13:48,-07:00,2025-04-02T16:13:48-07:00,0,6
index.html,9,html,b19d8d6c,rohanraval2,2025-04-02,16:13:48,-07:00,2025-04-02T16:13:48-07:00,0,5
index.html,10,html,c77d4968,rohanraval2,2025-04-25,10:17:44,-07:00,2025-04-25T10:17:44-07:00,0,46
index.html,11,html,c77d4968,rohanraval2,2025-04-25,10:17:44,-07:00,2025-04-25T10:17:44-07:00,0,51
index.html,12,html,c77d4968,rohanraval2,2025-04-25,10:17:44,-07:00,2025-04-25T10:17:44-07:00,0,0
index.html,13,html,c77d4968,rohanraval2,2025-04-25,10:17:44,-07:00,2025-04-25T10:17:44-07:00,0,19
index.html,14,html,c77d4968,rohanraval2,2025-04-25,10:17:44,-07:00,2025-04-25T10:17:44-07:00,0,293
index.html,15,html,c77d4968,rohanraval2,2025-04-25,10:17:44,-07:00,2025-04-25T10:17:44-07:00,0,282
index.html,16,html,c77d4968,rohanraval2,2025-04-25,10:17:44,-07:00,2025-04-25T10:17:44-07:00,0,106
index.html,17,html,c77d4968,rohanraval2,2025-04-25,10:17:44,-07:00,2025-04-25T10:17:44-07:00,0,0
index.html,18,html,c77d4968,rohanraval2,2025-04-25,10:17:44,-07:00,2025-04-25T10:17:44-07:00,0,23
index.html,19,html,c77d4968,rohanraval2,2025-04-25,10:17:44,-07:00,2025-04-25T10:17:44-07:00,0,27
index.html,20,html,c77d4968,rohanraval2,2025-04-25,10:17:44,-07:00,2025-04-25T10:17:44-07:00,0,0
index.html,21,html,c77d4968,rohanraval2,2025-04-25,10:17:44,-07:00,2025-04-25T10:17:44-07:00,0,20
index.html,22,html,c77d4968,rohanraval2,2025-04-25,10:17:44,-07:00,2025-04-25T10:17:44-07:00,0,29
index.html,23,html,b19d8d6c,rohanraval2,2025-04-02,16:13:48,-07:00,2025-04-02T16:13:48-07:00,0,6
index.html,24,html,2ded1309,rohanraval2,2025-04-25,20:43:40,-07:00,2025-04-25T20:43:40-07:00,0,6
global.js,1,js,9e148310,rohanraval2,2025-05-02,13:25:27,-07:00,2025-05-02T13:25:27-07:00,0,26
global.js,2,js,812be2f6,rohanraval2,2025-04-18,10:31:51,-07:00,2025-04-18T10:31:51-07:00,0,0
global.js,3,js,ed831730,rohanraval2,2025-04-18,11:00:44,-07:00,2025-04-18T11:00:44-07:00,0,72
global.js,4,js,ed831730,rohanraval2,2025-04-18,11:00:44,-07:00,2025-04-18T11:00:44-07:00,0,0
global.js,5,js,ed831730,rohanraval2,2025-04-18,11:00:44,-07:00,2025-04-18T11:00:44-07:00,0,89
global.js,6,js,8cdd8e64,rohanraval2,2025-04-18,12:32:05,-07:00,2025-04-18T12:32:05-07:00,0,4
global.js,7,js,9e148310,rohanraval2,2025-05-02,13:25:27,-07:00,2025-05-02T13:25:27-07:00,0,15
global.js,8,js,ed831730,rohanraval2,2025-04-18,11:00:44,-07:00,2025-04-18T11:00:44-07:00,0,0
global.js,9,js,ed831730,rohanraval2,2025-04-18,11:00:44,-07:00,2025-04-18T11:00:44-07:00,0,12
global.js,10,js,ed831730,rohanraval2,2025-04-18,11:00:44,-07:00,2025-04-18T11:00:44-07:00,0,26
global.js,11,js,7eb652a8,rohanraval2,2025-04-18,11:33:13,-07:00,2025-04-18T11:33:13-07:00,0,35
global.js,12,js,ed831730,rohanraval2,2025-04-18,11:00:44,-07:00,2025-04-18T11:00:44-07:00,0,37
global.js,13,js,7eb652a8,rohanraval2,2025-04-18,11:33:13,-07:00,2025-04-18T11:33:13-07:00,0,39
global.js,14,js,8cdd8e64,rohanraval2,2025-04-18,12:32:05,-07:00,2025-04-18T12:32:05-07:00,0,57
global.js,15,js,ed831730,rohanraval2,2025-04-18,11:00:44,-07:00,2025-04-18T11:00:44-07:00,0,1
global.js,16,js,ed831730,rohanraval2,2025-04-18,11:00:44,-07:00,2025-04-18T11:00:44-07:00,0,0
global.js,17,js,ed831730,rohanraval2,2025-04-18,11:00:44,-07:00,2025-04-18T11:00:44-07:00,0,39
global.js,18,js,ed831730,rohanraval2,2025-04-18,11:00:44,-07:00,2025-04-18T11:00:44-07:00,0,26
global.js,19,js,931c5721,rohanraval2,2025-04-18,10:47:12,-07:00,2025-04-18T10:47:12-07:00,0,0
global.js,20,js,ed831730,rohanraval2,2025-04-18,11:00:44,-07:00,2025-04-18T11:00:44-07:00,0,21
global.js,21,js,ed831730,rohanraval2,2025-04-18,11:00:44,-07:00,2025-04-18T11:00:44-07:00,0,15
global.js,22,js,ed831730,rohanraval2,2025-04-18,11:00:44,-07:00,2025-04-18T11:00:44-07:00,0,53
global.js,23,js,ed831730,rohanraval2,2025-04-18,11:00:44,-07:00,2025-04-18T11:00:44-07:00,0,35
global.js,24,js,ed831730,rohanraval2,2025-04-18,11:00:44,-07:00,2025-04-18T11:00:44-07:00,0,12
global.js,25,js,ed831730,rohanraval2,2025-04-18,11:00:44,-07:00,2025-04-18T11:00:44-07:00,0,23
global.js,26,js,9e148310,rohanraval2,2025-05-02,13:25:27,-07:00,2025-05-02T13:25:27-07:00,0,91
global.js,27,js,ed831730,rohanraval2,2025-04-18,11:00:44,-07:00,2025-04-18T11:00:44-07:00,0,53
global.js,28,js,ed831730,rohanraval2,2025-04-18,11:00:44,-07:00,2025-04-18T11:00:44-07:00,0,13
global.js,29,js,ed831730,rohanraval2,2025-04-18,11:00:44,-07:00,2025-04-18T11:00:44-07:00,0,0
global.js,30,js,8cdd8e64,rohanraval2,2025-04-18,12:32:05,-07:00,2025-04-18T12:32:05-07:00,0,0
global.js,31,js,8cdd8e64,rohanraval2,2025-04-18,12:32:05,-07:00,2025-04-18T12:32:05-07:00,0,32
global.js,32,js,c77d4968,rohanraval2,2025-04-25,10:17:44,-07:00,2025-04-25T10:17:44-07:00,0,12
global.js,33,js,c77d4968,rohanraval2,2025-04-25,10:17:44,-07:00,2025-04-25T10:17:44-07:00,0,0
global.js,34,js,c77d4968,rohanraval2,2025-04-25,10:17:44,-07:00,2025-04-25T10:17:44-07:00,0,27
global.js,35,js,c77d4968,rohanraval2,2025-04-25,10:17:44,-07:00,2025-04-25T10:17:44-07:00,0,5
global.js,36,js,c77d4968,rohanraval2,2025-04-25,10:17:44,-07:00,2025-04-25T10:17:44-07:00,0,25
global.js,37,js,c77d4968,rohanraval2,2025-04-25,10:17:44,-07:00,2025-04-25T10:17:44-07:00,0,44
global.js,38,js,c77d4968,rohanraval2,2025-04-25,10:17:44,-07:00,2025-04-25T10:17:44-07:00,0,35
global.js,39,js,c77d4968,rohanraval2,2025-04-25,10:17:44,-07:00,2025-04-25T10:17:44-07:00,0,33
global.js,40,js,c77d4968,rohanraval2,2025-04-25,10:17:44,-07:00,2025-04-25T10:17:44-07:00,0,8
global.js,41,js,c77d4968,rohanraval2,2025-04-25,10:17:44,-07:00,2025-04-25T10:17:44-07:00,0,7
global.js,42,js,c77d4968,rohanraval2,2025-04-25,10:17:44,-07:00,2025-04-25T10:17:44-07:00,0,0
global.js,43,js,c77d4968,rohanraval2,2025-04-25,10:17:44,-07:00,2025-04-25T10:17:44-07:00,0,1
global.js,44,js,c77d4968,rohanraval2,2025-04-25,10:17:44,-07:00,2025-04-25T10:17:44-07:00,0,0
global.js,45,js,c77d4968,rohanraval2,2025-04-25,10:17:44,-07:00,2025-04-25T10:17:44-07:00,0,32
global.js,46,js,c77d4968,rohanraval2,2025-04-25,10:17:44,-07:00,2025-04-25T10:17:44-07:00,0,66
global.js,47,js,c77d4968,rohanraval2,2025-04-25,10:17:44,-07:00,2025-04-25T10:17:44-07:00,0,33
global.js,48,js,c77d4968,rohanraval2,2025-04-25,10:17:44,-07:00,2025-04-25T10:17:44-07:00,0,54
global.js,49,js,c77d4968,rohanraval2,2025-04-25,10:17:44,-07:00,2025-04-25T10:17:44-07:00,0,0
global.js,50,js,c77d4968,rohanraval2,2025-04-25,10:17:44,-07:00,2025-04-25T10:17:44-07:00,0,0
global.js,51,js,c77d4968,rohanraval2,2025-04-25,10:17:44,-07:00,2025-04-25T10:17:44-07:00,0,35
global.js,52,js,c77d4968,rohanraval2,2025-04-25,10:17:44,-07:00,2025-04-25T10:17:44-07:00,0,40
global.js,53,js,c77d4968,rohanraval2,2025-04-25,10:17:44,-07:00,2025-04-25T10:17:44-07:00,0,0
global.js,54,js,c77d4968,rohanraval2,2025-04-25,10:17:44,-07:00,2025-04-25T10:17:44-07:00,0,0
global.js,55,js,c77d4968,rohanraval2,2025-04-25,10:17:44,-07:00,2025-04-25T10:17:44-07:00,0,77
global.js,56,js,c77d4968,rohanraval2,2025-04-25,10:17:44,-07:00,2025-04-25T10:17:44-07:00,0,34
global.js,57,js,c77d4968,rohanraval2,2025-04-25,10:17:44,-07:00,2025-04-25T10:17:44-07:00,0,2
global.js,58,js,c77d4968,rohanraval2,2025-04-25,10:17:44,-07:00,2025-04-25T10:17:44-07:00,0,0
global.js,59,js,c77d4968,rohanraval2,2025-04-25,10:17:44,-07:00,2025-04-25T10:17:44-07:00,0,37
global.js,60,js,c77d4968,rohanraval2,2025-04-25,10:17:44,-07:00,2025-04-25T10:17:44-07:00,0,4
global.js,61,js,c77d4968,rohanraval2,2025-04-25,10:17:44,-07:00,2025-04-25T10:17:44-07:00,0,33
global.js,62,js,c77d4968,rohanraval2,2025-04-25,10:17:44,-07:00,2025-04-25T10:17:44-07:00,0,18
global.js,63,js,9e148310,rohanraval2,2025-05-02,13:25:27,-07:00,2025-05-02T13:25:27-07:00,0,58
global.js,64,js,c77d4968,rohanraval2,2025-04-25,10:17:44,-07:00,2025-04-25T10:17:44-07:00,0,0
global.js,65,js,c77d4968,rohanraval2,2025-04-25,10:17:44,-07:00,2025-04-25T10:17:44-07:00,0,34
global.js,66,js,c77d4968,rohanraval2,2025-04-25,10:17:44,-07:00,2025-04-25T10:17:44-07:00,0,11
global.js,67,js,c77d4968,rohanraval2,2025-04-25,10:17:44,-07:00,2025-04-25T10:17:44-07:00,0,16
global.js,68,js,c77d4968,rohanraval2,2025-04-25,10:17:44,-07:00,2025-04-25T10:17:44-07:00,0,60
global.js,69,js,8cdd8e64,rohanraval2,2025-04-18,12:32:05,-07:00,2025-04-18T12:32:05-07:00,0,0
global.js,70,js,c77d4968,rohanraval2,2025-04-25,10:17:44,-07:00,2025-04-25T10:17:44-07:00,0,0
global.js,71,js,c77d4968,rohanraval2,2025-04-25,10:17:44,-07:00,2025-04-25T10:17:44-07:00,0,0
global.js,72,js,c77d4968,rohanraval2,2025-04-25,10:17:44,-07:00,2025-04-25T10:17:44-07:00,0,80
global.js,73,js,c77d4968,rohanraval2,2025-04-25,10:17:44,-07:00,2025-04-25T10:17:44-07:00,0,31
global.js,74,js,c77d4968,rohanraval2,2025-04-25,10:17:44,-07:00,2025-04-25T10:17:44-07:00,0,28
global.js,75,js,c77d4968,rohanraval2,2025-04-25,10:17:44,-07:00,2025-04-25T10:17:44-07:00,0,49
global.js,76,js,c77d4968,rohanraval2,2025-04-25,10:17:44,-07:00,2025-04-25T10:17:44-07:00,0,20
global.js,77,js,c77d4968,rohanraval2,2025-04-25,10:17:44,-07:00,2025-04-25T10:17:44-07:00,0,50
global.js,78,js,c77d4968,rohanraval2,2025-04-25,10:17:44,-07:00,2025-04-25T10:17:44-07:00,0,50
global.js,79,js,9e148310,rohanraval2,2025-05-02,13:25:27,-07:00,2025-05-02T13:25:27-07:00,0,4
global.js,80,js,9e148310,rohanraval2,2025-05-02,13:25:27,-07:00,2025-05-02T13:25:27-07:00,0,28
global.js,81,js,9e148310,rohanraval2,2025-05-02,13:25:27,-07:00,2025-05-02T13:25:27-07:00,0,34
global.js,82,js,9e148310,rohanraval2,2025-05-02,13:25:27,-07:00,2025-05-02T13:25:27-07:00,0,5
global.js,83,js,c77d4968,rohanraval2,2025-04-25,10:17:44,-07:00,2025-04-25T10:17:44-07:00,0,1
global.js,84,js,c77d4968,rohanraval2,2025-04-25,10:17:44,-07:00,2025-04-25T10:17:44-07:00,0,37
global.js,85,js,8cdd8e64,rohanraval2,2025-04-18,12:32:05,-07:00,2025-04-18T12:32:05-07:00,0,2
global.js,86,js,c77d4968,rohanraval2,2025-04-25,10:17:44,-07:00,2025-04-25T10:17:44-07:00,0,0
global.js,87,js,c77d4968,rohanraval2,2025-04-25,10:17:44,-07:00,2025-04-25T10:17:44-07:00,0,0
global.js,88,js,c77d4968,rohanraval2,2025-04-25,10:17:44,-07:00,2025-04-25T10:17:44-07:00,0,48
global.js,89,js,c77d4968,rohanraval2,2025-04-25,10:17:44,-07:00,2025-04-25T10:17:44-07:00,0,60
global.js,90,js,c77d4968,rohanraval2,2025-04-25,10:17:44,-07:00,2025-04-25T10:17:44-07:00,0,0
resume/index.html,1,html,7f82366b,rohanraval2,2025-04-03,12:14:57,-07:00,2025-04-03T12:14:57-07:00,0,14
resume/index.html,2,html,7f82366b,rohanraval2,2025-04-03,12:14:57,-07:00,2025-04-03T12:14:57-07:00,0,15
resume/index.html,3,html,7f82366b,rohanraval2,2025-04-03,12:14:57,-07:00,2025-04-03T12:14:57-07:00,0,5
resume/index.html,4,html,199339b3,rohanraval2,2025-04-18,15:28:22,-07:00,2025-04-18T15:28:22-07:00,0,21
resume/index.html,5,html,199339b3,rohanraval2,2025-04-18,15:28:22,-07:00,2025-04-18T15:28:22-07:00,0,69
resume/index.html,6,html,199339b3,rohanraval2,2025-04-18,15:28:22,-07:00,2025-04-18T15:28:22-07:00,0,20
resume/index.html,7,html,199339b3,rohanraval2,2025-04-18,15:28:22,-07:00,2025-04-18T15:28:22-07:00,0,50
resume/index.html,8,html,7f82366b,rohanraval2,2025-04-03,12:14:57,-07:00,2025-04-03T12:14:57-07:00,0,6
resume/index.html,9,html,eaf5af8a,rohanraval2,2025-04-18,22:00:49,-07:00,2025-04-18T22:00:49-07:00,0,25
resume/index.html,10,html,199339b3,rohanraval2,2025-04-18,15:28:22,-07:00,2025-04-18T15:28:22-07:00,0,57
resume/index.html,11,html,abdee8a5,rohanraval2,2025-04-18,22:07:46,-07:00,2025-04-18T22:07:46-07:00,0,16
resume/index.html,12,html,7f82366b,rohanraval2,2025-04-03,12:14:57,-07:00,2025-04-03T12:14:57-07:00,0,0
resume/index.html,13,html,199339b3,rohanraval2,2025-04-18,15:28:22,-07:00,2025-04-18T15:28:22-07:00,0,19
resume/index.html,14,html,841a52b3,rohanraval2,2025-04-18,21:49:55,-07:00,2025-04-18T21:49:55-07:00,0,23
resume/index.html,15,html,199339b3,rohanraval2,2025-04-18,15:28:22,-07:00,2025-04-18T15:28:22-07:00,0,17
resume/index.html,16,html,841a52b3,rohanraval2,2025-04-18,21:49:55,-07:00,2025-04-18T21:49:55-07:00,0,8
resume/index.html,17,html,199339b3,rohanraval2,2025-04-18,15:28:22,-07:00,2025-04-18T15:28:22-07:00,0,54
resume/index.html,18,html,199339b3,rohanraval2,2025-04-18,15:28:22,-07:00,2025-04-18T15:28:22-07:00,0,24
resume/index.html,19,html,199339b3,rohanraval2,2025-04-18,15:28:22,-07:00,2025-04-18T15:28:22-07:00,0,125
resume/index.html,20,html,199339b3,rohanraval2,2025-04-18,15:28:22,-07:00,2025-04-18T15:28:22-07:00,0,125
resume/index.html,21,html,199339b3,rohanraval2,2025-04-18,15:28:22,-07:00,2025-04-18T15:28:22-07:00,0,9
resume/index.html,22,html,199339b3,rohanraval2,2025-04-18,15:28:22,-07:00,2025-04-18T15:28:22-07:00,0,9
resume/index.html,23,html,7f82366b,rohanraval2,2025-04-03,12:14:57,-07:00,2025-04-03T12:14:57-07:00,0,0
resume/index.html,24,html,841a52b3,rohanraval2,2025-04-18,21:49:55,-07:00,2025-04-18T21:49:55-07:00,0,24
resume/index.html,25,html,199339b3,rohanraval2,2025-04-18,15:28:22,-07:00,2025-04-18T15:28:22-07:00,0,18
resume/index.html,26,html,841a52b3,rohanraval2,2025-04-18,21:49:55,-07:00,2025-04-18T21:49:55-07:00,0,8
resume/index.html,27,html,199339b3,rohanraval2,2025-04-18,15:28:22,-07:00,2025-04-18T15:28:22-07:00,0,27
resume/index.html,28,html,199339b3,rohanraval2,2025-04-18,15:28:22,-07:00,2025-04-18T15:28:22-07:00,0,3
resume/index.html,29,html,199339b3,rohanraval2,2025-04-18,15:28:22,-07:00,2025-04-18T15:28:22-07:00,0,120
resume/index.html,30,html,199339b3,rohanraval2,2025-04-18,15:28:22,-07:00,2025-04-18T15:28:22-07:00,0,112
resume/index.html,31,html,199339b3,rohanraval2,2025-04-18,15:28:22,-07:00,2025-04-18T15:28:22-07:00,0,119
resume/index.html,32,html,199339b3,rohanraval2,2025-04-18,15:28:22,-07:00,2025-04-18T15:28:22-07:00,0,4
resume/index.html,33,html,199339b3,rohanraval2,2025-04-18,15:28:22,-07:00,2025-04-18T15:28:22-07:00,0,9
resume/index.html,34,html,841a52b3,rohanraval2,2025-04-18,21:49:55,-07:00,2025-04-18T21:49:55-07:00,0,8
resume/index.html,35,html,199339b3,rohanraval2,2025-04-18,15:28:22,-07:00,2025-04-18T15:28:22-07:00,0,16
resume/index.html,36,html,199339b3,rohanraval2,2025-04-18,15:28:22,-07:00,2025-04-18T15:28:22-07:00,0,3
resume/index.html,37,html,199339b3,rohanraval2,2025-04-18,15:28:22,-07:00,2025-04-18T15:28:22-07:00,0,125
resume/index.html,38,html,199339b3,rohanraval2,2025-04-18,15:28:22,-07:00,2025-04-18T15:28:22-07:00,0,125
resume/index.html,39,html,199339b3,rohanraval2,2025-04-18,15:28:22,-07:00,2025-04-18T15:28:22-07:00,0,123
resume/index.html,40,html,199339b3,rohanraval2,2025-04-18,15:28:22,-07:00,2025-04-18T15:28:22-07:00,0,4
resume/index.html,41,html,199339b3,rohanraval2,2025-04-18,15:28:22,-07:00,2025-04-18T15:28:22-07:00,0,9
resume/index.html,42,html,199339b3,rohanraval2,2025-04-18,15:28:22,-07:00,2025-04-18T15:28:22-07:00,0,9
resume/index.html,43,html,7f82366b,rohanraval2,2025-04-03,12:14:57,-07:00,2025-04-03T12:14:57-07:00,0,0
resume/index.html,44,html,841a52b3,rohanraval2,2025-04-18,21:49:55,-07:00,2025-04-18T21:49:55-07:00,0,22
resume/index.html,45,html,199339b3,rohanraval2,2025-04-18,15:28:22,-07:00,2025-04-18T15:28:22-07:00,0,16
resume/index.html,46,html,841a52b3,rohanraval2,2025-04-18,21:49:55,-07:00,2025-04-18T21:49:55-07:00,0,8
resume/index.html,47,html,199339b3,rohanraval2,2025-04-18,15:28:22,-07:00,2025-04-18T15:28:22-07:00,0,155
resume/index.html,48,html,199339b3,rohanraval2,2025-04-18,15:28:22,-07:00,2025-04-18T15:28:22-07:00,0,3
resume/index.html,49,html,199339b3,rohanraval2,2025-04-18,15:28:22,-07:00,2025-04-18T15:28:22-07:00,0,121
resume/index.html,50,html,199339b3,rohanraval2,2025-04-18,15:28:22,-07:00,2025-04-18T15:28:22-07:00,0,107
resume/index.html,51,html,199339b3,rohanraval2,2025-04-18,15:28:22,-07:00,2025-04-18T15:28:22-07:00,0,116
resume/index.html,52,html,199339b3,rohanraval2,2025-04-18,15:28:22,-07:00,2025-04-18T15:28:22-07:00,0,114
resume/index.html,53,html,199339b3,rohanraval2,2025-04-18,15:28:22,-07:00,2025-04-18T15:28:22-07:00,0,92
resume/index.html,54,html,199339b3,rohanraval2,2025-04-18,15:28:22,-07:00,2025-04-18T15:28:22-07:00,0,4
resume/index.html,55,html,199339b3,rohanraval2,2025-04-18,15:28:22,-07:00,2025-04-18T15:28:22-07:00,0,9
resume/index.html,56,html,7f82366b,rohanraval2,2025-04-03,12:14:57,-07:00,2025-04-03T12:14:57-07:00,0,0
resume/index.html,57,html,841a52b3,rohanraval2,2025-04-18,21:49:55,-07:00,2025-04-18T21:49:55-07:00,0,8
resume/index.html,58,html,199339b3,rohanraval2,2025-04-18,15:28:22,-07:00,2025-04-18T15:28:22-07:00,0,74
resume/index.html,59,html,199339b3,rohanraval2,2025-04-18,15:28:22,-07:00,2025-04-18T15:28:22-07:00,0,3
resume/index.html,60,html,199339b3,rohanraval2,2025-04-18,15:28:22,-07:00,2025-04-18T15:28:22-07:00,0,89
resume/index.html,61,html,199339b3,rohanraval2,2025-04-18,15:28:22,-07:00,2025-04-18T15:28:22-07:00,0,4
resume/index.html,62,html,199339b3,rohanraval2,2025-04-18,15:28:22,-07:00,2025-04-18T15:28:22-07:00,0,9
resume/index.html,63,html,7f82366b,rohanraval2,2025-04-03,12:14:57,-07:00,2025-04-03T12:14:57-07:00,0,0
resume/index.html,64,html,841a52b3,rohanraval2,2025-04-18,21:49:55,-07:00,2025-04-18T21:49:55-07:00,0,8
resume/index.html,65,html,199339b3,rohanraval2,2025-04-18,15:28:22,-07:00,2025-04-18T15:28:22-07:00,0,104
resume/index.html,66,html,199339b3,rohanraval2,2025-04-18,15:28:22,-07:00,2025-04-18T15:28:22-07:00,0,3
resume/index.html,67,html,199339b3,rohanraval2,2025-04-18,15:28:22,-07:00,2025-04-18T15:28:22-07:00,0,199
resume/index.html,68,html,199339b3,rohanraval2,2025-04-18,15:28:22,-07:00,2025-04-18T15:28:22-07:00,0,128
resume/index.html,69,html,199339b3,rohanraval2,2025-04-18,15:28:22,-07:00,2025-04-18T15:28:22-07:00,0,195
resume/index.html,70,html,199339b3,rohanraval2,2025-04-18,15:28:22,-07:00,2025-04-18T15:28:22-07:00,0,4
resume/index.html,71,html,199339b3,rohanraval2,2025-04-18,15:28:22,-07:00,2025-04-18T15:28:22-07:00,0,9
resume/index.html,72,html,199339b3,rohanraval2,2025-04-18,15:28:22,-07:00,2025-04-18T15:28:22-07:00,0,0
resume/index.html,73,html,841a52b3,rohanraval2,2025-04-18,21:49:55,-07:00,2025-04-18T21:49:55-07:00,0,8
resume/index.html,74,html,199339b3,rohanraval2,2025-04-18,15:28:22,-07:00,2025-04-18T15:28:22-07:00,0,38
resume/index.html,75,html,199339b3,rohanraval2,2025-04-18,15:28:22,-07:00,2025-04-18T15:28:22-07:00,0,3
resume/index.html,76,html,199339b3,rohanraval2,2025-04-18,15:28:22,-07:00,2025-04-18T15:28:22-07:00,0,92
resume/index.html,77,html,199339b3,rohanraval2,2025-04-18,15:28:22,-07:00,2025-04-18T15:28:22-07:00,0,87
resume/index.html,78,html,199339b3,rohanraval2,2025-04-18,15:28:22,-07:00,2025-04-18T15:28:22-07:00,0,114
resume/index.html,79,html,199339b3,rohanraval2,2025-04-18,15:28:22,-07:00,2025-04-18T15:28:22-07:00,0,4
resume/index.html,80,html,17c5ea66,rohanraval2,2025-04-18,16:04:54,-07:00,2025-04-18T16:04:54-07:00,0,9
resume/index.html,81,html,199339b3,rohanraval2,2025-04-18,15:28:22,-07:00,2025-04-18T15:28:22-07:00,0,0
resume/index.html,82,html,841a52b3,rohanraval2,2025-04-18,21:49:55,-07:00,2025-04-18T21:49:55-07:00,0,8
resume/index.html,83,html,199339b3,rohanraval2,2025-04-18,15:28:22,-07:00,2025-04-18T15:28:22-07:00,0,43
resume/index.html,84,html,199339b3,rohanraval2,2025-04-18,15:28:22,-07:00,2025-04-18T15:28:22-07:00,0,3
resume/index.html,85,html,199339b3,rohanraval2,2025-04-18,15:28:22,-07:00,2025-04-18T15:28:22-07:00,0,123
resume/index.html,86,html,199339b3,rohanraval2,2025-04-18,15:28:22,-07:00,2025-04-18T15:28:22-07:00,0,122
resume/index.html,87,html,199339b3,rohanraval2,2025-04-18,15:28:22,-07:00,2025-04-18T15:28:22-07:00,0,109
resume/index.html,88,html,199339b3,rohanraval2,2025-04-18,15:28:22,-07:00,2025-04-18T15:28:22-07:00,0,122
resume/index.html,89,html,199339b3,rohanraval2,2025-04-18,15:28:22,-07:00,2025-04-18T15:28:22-07:00,0,4
resume/index.html,90,html,199339b3,rohanraval2,2025-04-18,15:28:22,-07:00,2025-04-18T15:28:22-07:00,0,9
resume/index.html,91,html,199339b3,rohanraval2,2025-04-18,15:28:22,-07:00,2025-04-18T15:28:22-07:00,0,9
resume/index.html,92,html,199339b3,rohanraval2,2025-04-18,15:28:22,-07:00,2025-04-18T15:28:22-07:00,0,0
resume/index.html,93,html,841a52b3,rohanraval2,2025-04-18,21:49:55,-07:00,2025-04-18T21:49:55-07:00,0,20
resume/index.html,94,html,199339b3,rohanraval2,2025-04-18,15:28:22,-07:00,2025-04-18T15:28:22-07:00,0,14
resume/index.html,95,html,31d86660,rohanraval2,2025-04-18,22:02:53,-07:00,2025-04-18T22:02:53-07:00,0,8
resume/index.html,96,html,31d86660,rohanraval2,2025-04-18,22:02:53,-07:00,2025-04-18T22:02:53-07:00,0,3
resume/index.html,97,html,31d86660,rohanraval2,2025-04-18,22:02:53,-07:00,2025-04-18T22:02:53-07:00,0,81
resume/index.html,98,html,31d86660,rohanraval2,2025-04-18,22:02:53,-07:00,2025-04-18T22:02:53-07:00,0,129
resume/index.html,99,html,31d86660,rohanraval2,2025-04-18,22:02:53,-07:00,2025-04-18T22:02:53-07:00,0,131
resume/index.html,100,html,31d86660,rohanraval2,2025-04-18,22:02:53,-07:00,2025-04-18T22:02:53-07:00,0,94
resume/index.html,101,html,31d86660,rohanraval2,2025-04-18,22:02:53,-07:00,2025-04-18T22:02:53-07:00,0,4
resume/index.html,102,html,31d86660,rohanraval2,2025-04-18,22:02:53,-07:00,2025-04-18T22:02:53-07:00,0,9
resume/index.html,103,html,199339b3,rohanraval2,2025-04-18,15:28:22,-07:00,2025-04-18T15:28:22-07:00,0,9
resume/index.html,104,html,199339b3,rohanraval2,2025-04-18,15:28:22,-07:00,2025-04-18T15:28:22-07:00,0,0
resume/index.html,105,html,7f82366b,rohanraval2,2025-04-03,12:14:57,-07:00,2025-04-03T12:14:57-07:00,0,0
resume/index.html,106,html,7f82366b,rohanraval2,2025-04-03,12:14:57,-07:00,2025-04-03T12:14:57-07:00,0,6
resume/index.html,107,html,199339b3,rohanraval2,2025-04-18,15:28:22,-07:00,2025-04-18T15:28:22-07:00,0,6
projects/projects.js,1,js,e7ced0c5,rohanraval2,2025-05-02,13:31:51,-07:00,2025-05-02T13:31:51-07:00,0,64
projects/projects.js,2,js,9e148310,rohanraval2,2025-05-02,13:25:27,-07:00,2025-05-02T13:25:27-07:00,0,64
projects/projects.js,3,js,c77d4968,rohanraval2,2025-04-25,10:17:44,-07:00,2025-04-25T10:17:44-07:00,0,0
projects/projects.js,4,js,21ca0ffc,rohanraval2,2025-05-02,13:39:49,-07:00,2025-05-02T13:39:49-07:00,0,64
projects/projects.js,5,js,9e148310,rohanraval2,2025-05-02,13:25:27,-07:00,2025-05-02T13:25:27-07:00,0,61
projects/projects.js,6,js,9e148310,rohanraval2,2025-05-02,13:25:27,-07:00,2025-05-02T13:25:27-07:00,0,56
projects/projects.js,7,js,9e148310,rohanraval2,2025-05-02,13:25:27,-07:00,2025-05-02T13:25:27-07:00,0,22
projects/projects.js,8,js,9e148310,rohanraval2,2025-05-02,13:25:27,-07:00,2025-05-02T13:25:27-07:00,0,14
projects/projects.js,9,js,c77d4968,rohanraval2,2025-04-25,10:17:44,-07:00,2025-04-25T10:17:44-07:00,0,0
projects/projects.js,10,js,9e148310,rohanraval2,2025-05-02,13:25:27,-07:00,2025-05-02T13:25:27-07:00,0,49
projects/projects.js,11,js,9e148310,rohanraval2,2025-05-02,13:25:27,-07:00,2025-05-02T13:25:27-07:00,0,24
projects/projects.js,12,js,9e148310,rohanraval2,2025-05-02,13:25:27,-07:00,2025-05-02T13:25:27-07:00,0,0
projects/projects.js,13,js,9e148310,rohanraval2,2025-05-02,13:25:27,-07:00,2025-05-02T13:25:27-07:00,0,49
projects/projects.js,14,js,9e148310,rohanraval2,2025-05-02,13:25:27,-07:00,2025-05-02T13:25:27-07:00,0,40
projects/projects.js,15,js,9e148310,rohanraval2,2025-05-02,13:25:27,-07:00,2025-05-02T13:25:27-07:00,0,54
projects/projects.js,16,js,9e148310,rohanraval2,2025-05-02,13:25:27,-07:00,2025-05-02T13:25:27-07:00,0,57
projects/projects.js,17,js,9e148310,rohanraval2,2025-05-02,13:25:27,-07:00,2025-05-02T13:25:27-07:00,0,32
projects/projects.js,18,js,9e148310,rohanraval2,2025-05-02,13:25:27,-07:00,2025-05-02T13:25:27-07:00,0,2
projects/projects.js,19,js,9e148310,rohanraval2,2025-05-02,13:25:27,-07:00,2025-05-02T13:25:27-07:00,0,0
projects/projects.js,20,js,9e148310,rohanraval2,2025-05-02,13:25:27,-07:00,2025-05-02T13:25:27-07:00,0,33
projects/projects.js,21,js,9e148310,rohanraval2,2025-05-02,13:25:27,-07:00,2025-05-02T13:25:27-07:00,0,32
projects/projects.js,22,js,9e148310,rohanraval2,2025-05-02,13:25:27,-07:00,2025-05-02T13:25:27-07:00,0,61
projects/projects.js,23,js,9e148310,rohanraval2,2025-05-02,13:25:27,-07:00,2025-05-02T13:25:27-07:00,0,25
projects/projects.js,24,js,9e148310,rohanraval2,2025-05-02,13:25:27,-07:00,2025-05-02T13:25:27-07:00,0,2
projects/projects.js,25,js,9e148310,rohanraval2,2025-05-02,13:25:27,-07:00,2025-05-02T13:25:27-07:00,0,0
projects/projects.js,26,js,9e148310,rohanraval2,2025-05-02,13:25:27,-07:00,2025-05-02T13:25:27-07:00,0,0
projects/projects.js,27,js,9e148310,rohanraval2,2025-05-02,13:25:27,-07:00,2025-05-02T13:25:27-07:00,0,37
projects/projects.js,28,js,9e148310,rohanraval2,2025-05-02,13:25:27,-07:00,2025-05-02T13:25:27-07:00,0,70
projects/projects.js,29,js,9e148310,rohanraval2,2025-05-02,13:25:27,-07:00,2025-05-02T13:25:27-07:00,0,79
projects/projects.js,30,js,9e148310,rohanraval2,2025-05-02,13:25:27,-07:00,2025-05-02T13:25:27-07:00,0,50
projects/projects.js,31,js,9e148310,rohanraval2,2025-05-02,13:25:27,-07:00,2025-05-02T13:25:27-07:00,0,51
projects/projects.js,32,js,9e148310,rohanraval2,2025-05-02,13:25:27,-07:00,2025-05-02T13:25:27-07:00,0,36
projects/projects.js,33,js,9e148310,rohanraval2,2025-05-02,13:25:27,-07:00,2025-05-02T13:25:27-07:00,0,60
projects/projects.js,34,js,9e148310,rohanraval2,2025-05-02,13:25:27,-07:00,2025-05-02T13:25:27-07:00,0,0
projects/projects.js,35,js,9e148310,rohanraval2,2025-05-02,13:25:27,-07:00,2025-05-02T13:25:27-07:00,0,46
projects/projects.js,36,js,9e148310,rohanraval2,2025-05-02,13:25:27,-07:00,2025-05-02T13:25:27-07:00,0,30
projects/projects.js,37,js,9e148310,rohanraval2,2025-05-02,13:25:27,-07:00,2025-05-02T13:25:27-07:00,0,0
projects/projects.js,38,js,9e148310,rohanraval2,2025-05-02,13:25:27,-07:00,2025-05-02T13:25:27-07:00,0,26
projects/projects.js,39,js,9e148310,rohanraval2,2025-05-02,13:25:27,-07:00,2025-05-02T13:25:27-07:00,0,17
projects/projects.js,40,js,9e148310,rohanraval2,2025-05-02,13:25:27,-07:00,2025-05-02T13:25:27-07:00,0,26
projects/projects.js,41,js,9e148310,rohanraval2,2025-05-02,13:25:27,-07:00,2025-05-02T13:25:27-07:00,0,23
projects/projects.js,42,js,9e148310,rohanraval2,2025-05-02,13:25:27,-07:00,2025-05-02T13:25:27-07:00,0,52
projects/projects.js,43,js,9e148310,rohanraval2,2025-05-02,13:25:27,-07:00,2025-05-02T13:25:27-07:00,0,19
projects/projects.js,44,js,9e148310,rohanraval2,2025-05-02,13:25:27,-07:00,2025-05-02T13:25:27-07:00,0,44
projects/projects.js,45,js,9e148310,rohanraval2,2025-05-02,13:25:27,-07:00,2025-05-02T13:25:27-07:00,0,65
projects/projects.js,46,js,9e148310,rohanraval2,2025-05-02,13:25:27,-07:00,2025-05-02T13:25:27-07:00,0,2
projects/projects.js,47,js,9e148310,rohanraval2,2025-05-02,13:25:27,-07:00,2025-05-02T13:25:27-07:00,0,2
projects/projects.js,48,js,9e148310,rohanraval2,2025-05-02,13:25:27,-07:00,2025-05-02T13:25:27-07:00,0,0
projects/projects.js,49,js,9e148310,rohanraval2,2025-05-02,13:25:27,-07:00,2025-05-02T13:25:27-07:00,0,35
projects/projects.js,50,js,9e148310,rohanraval2,2025-05-02,13:25:27,-07:00,2025-05-02T13:25:27-07:00,0,31
projects/projects.js,51,js,9e148310,rohanraval2,2025-05-02,13:25:27,-07:00,2025-05-02T13:25:27-07:00,0,0
projects/projects.js,52,js,9e148310,rohanraval2,2025-05-02,13:25:27,-07:00,2025-05-02T13:25:27-07:00,0,23
projects/projects.js,53,js,9e148310,rohanraval2,2025-05-02,13:25:27,-07:00,2025-05-02T13:25:27-07:00,0,18
projects/projects.js,54,js,9e148310,rohanraval2,2025-05-02,13:25:27,-07:00,2025-05-02T13:25:27-07:00,0,38
projects/projects.js,55,js,9e148310,rohanraval2,2025-05-02,13:25:27,-07:00,2025-05-02T13:25:27-07:00,0,52
projects/projects.js,56,js,9e148310,rohanraval2,2025-05-02,13:25:27,-07:00,2025-05-02T13:25:27-07:00,0,69
projects/projects.js,57,js,9e148310,rohanraval2,2025-05-02,13:25:27,-07:00,2025-05-02T13:25:27-07:00,0,19
projects/projects.js,58,js,9e148310,rohanraval2,2025-05-02,13:25:27,-07:00,2025-05-02T13:25:27-07:00,0,44
projects/projects.js,59,js,9e148310,rohanraval2,2025-05-02,13:25:27,-07:00,2025-05-02T13:25:27-07:00,0,65
projects/projects.js,60,js,9e148310,rohanraval2,2025-05-02,13:25:27,-07:00,2025-05-02T13:25:27-07:00,0,2
projects/projects.js,61,js,9e148310,rohanraval2,2025-05-02,13:25:27,-07:00,2025-05-02T13:25:27-07:00,0,2
projects/projects.js,62,js,9e148310,rohanraval2,2025-05-02,13:25:27,-07:00,2025-05-02T13:25:27-07:00,0,0
projects/projects.js,63,js,9e148310,rohanraval2,2025-05-02,13:25:27,-07:00,2025-05-02T13:25:27-07:00,0,0
projects/projects.js,64,js,9e148310,rohanraval2,2025-05-02,13:25:27,-07:00,2025-05-02T13:25:27-07:00,0,79
projects/projects.js,65,js,9e148310,rohanraval2,2025-05-02,13:25:27,-07:00,2025-05-02T13:25:27-07:00,0,46
projects/projects.js,66,js,9e148310,rohanraval2,2025-05-02,13:25:27,-07:00,2025-05-02T13:25:27-07:00,0,35
projects/projects.js,67,js,9e148310,rohanraval2,2025-05-02,13:25:27,-07:00,2025-05-02T13:25:27-07:00,0,0
projects/projects.js,68,js,9e148310,rohanraval2,2025-05-02,13:25:27,-07:00,2025-05-02T13:25:27-07:00,0,30
projects/projects.js,69,js,9e148310,rohanraval2,2025-05-02,13:25:27,-07:00,2025-05-02T13:25:27-07:00,0,26
projects/projects.js,70,js,9e148310,rohanraval2,2025-05-02,13:25:27,-07:00,2025-05-02T13:25:27-07:00,0,17
projects/projects.js,71,js,9e148310,rohanraval2,2025-05-02,13:25:27,-07:00,2025-05-02T13:25:27-07:00,0,26
projects/projects.js,72,js,9e148310,rohanraval2,2025-05-02,13:25:27,-07:00,2025-05-02T13:25:27-07:00,0,23
projects/projects.js,73,js,9e148310,rohanraval2,2025-05-02,13:25:27,-07:00,2025-05-02T13:25:27-07:00,0,52
projects/projects.js,74,js,9e148310,rohanraval2,2025-05-02,13:25:27,-07:00,2025-05-02T13:25:27-07:00,0,19
projects/projects.js,75,js,9e148310,rohanraval2,2025-05-02,13:25:27,-07:00,2025-05-02T13:25:27-07:00,0,44
projects/projects.js,76,js,9e148310,rohanraval2,2025-05-02,13:25:27,-07:00,2025-05-02T13:25:27-07:00,0,69
projects/projects.js,77,js,9e148310,rohanraval2,2025-05-02,13:25:27,-07:00,2025-05-02T13:25:27-07:00,0,2
projects/projects.js,78,js,9e148310,rohanraval2,2025-05-02,13:25:27,-07:00,2025-05-02T13:25:27-07:00,0,2
projects/projects.js,79,js,9e148310,rohanraval2,2025-05-02,13:25:27,-07:00,2025-05-02T13:25:27-07:00,0,0
projects/projects.js,80,js,9e148310,rohanraval2,2025-05-02,13:25:27,-07:00,2025-05-02T13:25:27-07:00,0,87
projects/projects.js,81,js,9e148310,rohanraval2,2025-05-02,13:25:27,-07:00,2025-05-02T13:25:27-07:00,0,0
projects/projects.js,82,js,9e148310,rohanraval2,2025-05-02,13:25:27,-07:00,2025-05-02T13:25:27-07:00,0,45
projects/projects.js,83,js,9e148310,rohanraval2,2025-05-02,13:25:27,-07:00,2025-05-02T13:25:27-07:00,0,39
projects/projects.js,84,js,9e148310,rohanraval2,2025-05-02,13:25:27,-07:00,2025-05-02T13:25:27-07:00,0,16
projects/projects.js,85,js,9e148310,rohanraval2,2025-05-02,13:25:27,-07:00,2025-05-02T13:25:27-07:00,0,65
projects/projects.js,86,js,9e148310,rohanraval2,2025-05-02,13:25:27,-07:00,2025-05-02T13:25:27-07:00,0,4
projects/projects.js,87,js,9e148310,rohanraval2,2025-05-02,13:25:27,-07:00,2025-05-02T13:25:27-07:00,0,1
projects/projects.js,88,js,9e148310,rohanraval2,2025-05-02,13:25:27,-07:00,2025-05-02T13:25:27-07:00,0,0
projects/projects.js,89,js,9e148310,rohanraval2,2025-05-02,13:25:27,-07:00,2025-05-02T13:25:27-07:00,0,56
projects/projects.js,90,js,c77d4968,rohanraval2,2025-04-25,10:17:44,-07:00,2025-04-25T10:17:44-07:00,0,0
projects/index.html,1,html,c2622c57,rohanraval2,2025-04-03,00:01:08,-07:00,2025-04-03T00:01:08-07:00,0,14
projects/index.html,2,html,c2622c57,rohanraval2,2025-04-03,00:01:08,-07:00,2025-04-03T00:01:08-07:00,0,15
projects/index.html,3,html,c2622c57,rohanraval2,2025-04-03,00:01:08,-07:00,2025-04-03T00:01:08-07:00,0,5
projects/index.html,4,html,c77d4968,rohanraval2,2025-04-25,10:17:44,-07:00,2025-04-25T10:17:44-07:00,0,23
projects/index.html,5,html,c77d4968,rohanraval2,2025-04-25,10:17:44,-07:00,2025-04-25T10:17:44-07:00,0,70
projects/index.html,6,html,c77d4968,rohanraval2,2025-04-25,10:17:44,-07:00,2025-04-25T10:17:44-07:00,0,22
projects/index.html,7,html,c77d4968,rohanraval2,2025-04-25,10:17:44,-07:00,2025-04-25T10:17:44-07:00,0,52
projects/index.html,8,html,c2622c57,rohanraval2,2025-04-03,00:01:08,-07:00,2025-04-03T00:01:08-07:00,0,6
projects/index.html,9,html,c77d4968,rohanraval2,2025-04-25,10:17:44,-07:00,2025-04-25T10:17:44-07:00,0,5
projects/index.html,10,html,b94025ca,rohanraval2,2025-05-02,13:28:21,-07:00,2025-05-02T13:28:21-07:00,0,57
projects/index.html,11,html,b94025ca,rohanraval2,2025-05-02,13:28:21,-07:00,2025-05-02T13:28:21-07:00,0,68
projects/index.html,12,html,d6d77dfd,rohanraval2,2025-04-03,11:29:03,-07:00,2025-04-03T11:29:03-07:00,0,0
projects/index.html,13,html,c77d4968,rohanraval2,2025-04-25,10:17:44,-07:00,2025-04-25T10:17:44-07:00,0,39
projects/index.html,14,html,d6d77dfd,rohanraval2,2025-04-03,11:29:03,-07:00,2025-04-03T11:29:03-07:00,0,0
projects/index.html,15,html,9e148310,rohanraval2,2025-05-02,13:25:27,-07:00,2025-05-02T13:25:27-07:00,0,74
projects/index.html,16,html,9e148310,rohanraval2,2025-05-02,13:25:27,-07:00,2025-05-02T13:25:27-07:00,0,0
projects/index.html,17,html,9e148310,rohanraval2,2025-05-02,13:25:27,-07:00,2025-05-02T13:25:27-07:00,0,22
projects/index.html,18,html,9e148310,rohanraval2,2025-05-02,13:25:27,-07:00,2025-05-02T13:25:27-07:00,0,59
projects/index.html,19,html,9e148310,rohanraval2,2025-05-02,13:25:27,-07:00,2025-05-02T13:25:27-07:00,0,23
projects/index.html,20,html,9e148310,rohanraval2,2025-05-02,13:25:27,-07:00,2025-05-02T13:25:27-07:00,0,5
projects/index.html,21,html,9e148310,rohanraval2,2025-05-02,13:25:27,-07:00,2025-05-02T13:25:27-07:00,0,0
projects/index.html,22,html,c77d4968,rohanraval2,2025-04-25,10:17:44,-07:00,2025-04-25T10:17:44-07:00,0,27
projects/index.html,23,html,c2622c57,rohanraval2,2025-04-03,00:01:08,-07:00,2025-04-03T00:01:08-07:00,0,6
projects/index.html,24,html,c77d4968,rohanraval2,2025-04-25,10:17:44,-07:00,2025-04-25T10:17:44-07:00,0,6
contact/index.html,1,html,c2622c57,rohanraval2,2025-04-03,00:01:08,-07:00,2025-04-03T00:01:08-07:00,0,14
contact/index.html,2,html,c2622c57,rohanraval2,2025-04-03,00:01:08,-07:00,2025-04-03T00:01:08-07:00,0,15
contact/index.html,3,html,c2622c57,rohanraval2,2025-04-03,00:01:08,-07:00,2025-04-03T00:01:08-07:00,0,5
contact/index.html,4,html,c2622c57,rohanraval2,2025-04-03,00:01:08,-07:00,2025-04-03T00:01:08-07:00,0,21
contact/index.html,5,html,c2622c57,rohanraval2,2025-04-03,00:01:08,-07:00,2025-04-03T00:01:08-07:00,0,71
contact/index.html,6,html,7f82366b,rohanraval2,2025-04-03,12:14:57,-07:00,2025-04-03T12:14:57-07:00,0,21
contact/index.html,7,html,7f82366b,rohanraval2,2025-04-03,12:14:57,-07:00,2025-04-03T12:14:57-07:00,0,50
contact/index.html,8,html,c2622c57,rohanraval2,2025-04-03,00:01:08,-07:00,2025-04-03T00:01:08-07:00,0,6
contact/index.html,9,html,c2622c57,rohanraval2,2025-04-03,00:01:08,-07:00,2025-04-03T00:01:08-07:00,0,5
contact/index.html,10,html,7eb652a8,rohanraval2,2025-04-18,11:33:13,-07:00,2025-04-18T11:33:13-07:00,0,57
contact/index.html,11,html,ba8732fb,rohanraval2,2025-04-11,11:39:10,-07:00,2025-04-11T11:39:10-07:00,0,0
contact/index.html,12,html,ba8732fb,rohanraval2,2025-04-11,11:39:10,-07:00,2025-04-11T11:39:10-07:00,0,17
contact/index.html,13,html,ba8732fb,rohanraval2,2025-04-11,11:39:10,-07:00,2025-04-11T11:39:10-07:00,0,0
contact/index.html,14,html,20ef7ecd,rohanraval2,2025-04-10,13:03:38,-07:00,2025-04-10T13:03:38-07:00,0,5
contact/index.html,15,html,20ef7ecd,rohanraval2,2025-04-10,13:03:38,-07:00,2025-04-10T13:03:38-07:00,0,6
contact/index.html,16,html,20ef7ecd,rohanraval2,2025-04-10,13:03:38,-07:00,2025-04-10T13:03:38-07:00,0,3
contact/index.html,17,html,20ef7ecd,rohanraval2,2025-04-10,13:03:38,-07:00,2025-04-10T13:03:38-07:00,0,30
contact/index.html,18,html,20ef7ecd,rohanraval2,2025-04-10,13:03:38,-07:00,2025-04-10T13:03:38-07:00,0,7
contact/index.html,19,html,20ef7ecd,rohanraval2,2025-04-10,13:03:38,-07:00,2025-04-10T13:03:38-07:00,0,6
contact/index.html,20,html,20ef7ecd,rohanraval2,2025-04-10,13:03:38,-07:00,2025-04-10T13:03:38-07:00,0,4
contact/index.html,21,html,20ef7ecd,rohanraval2,2025-04-10,13:03:38,-07:00,2025-04-10T13:03:38-07:00,0,32
contact/index.html,22,html,20ef7ecd,rohanraval2,2025-04-10,13:03:38,-07:00,2025-04-10T13:03:38-07:00,0,7
contact/index.html,23,html,20ef7ecd,rohanraval2,2025-04-10,13:03:38,-07:00,2025-04-10T13:03:38-07:00,0,6
contact/index.html,24,html,20ef7ecd,rohanraval2,2025-04-10,13:03:38,-07:00,2025-04-10T13:03:38-07:00,0,6
contact/index.html,25,html,20ef7ecd,rohanraval2,2025-04-10,13:03:38,-07:00,2025-04-10T13:03:38-07:00,0,35
contact/index.html,26,html,20ef7ecd,rohanraval2,2025-04-10,13:03:38,-07:00,2025-04-10T13:03:38-07:00,0,7
contact/index.html,27,html,20ef7ecd,rohanraval2,2025-04-10,13:03:38,-07:00,2025-04-10T13:03:38-07:00,0,34
contact/index.html,28,html,20ef7ecd,rohanraval2,2025-04-10,13:03:38,-07:00,2025-04-10T13:03:38-07:00,0,6
contact/index.html,29,html,c2622c57,rohanraval2,2025-04-03,00:01:08,-07:00,2025-04-03T00:01:08-07:00,0,0
contact/index.html,30,html,c2622c57,rohanraval2,2025-04-03,00:01:08,-07:00,2025-04-03T00:01:08-07:00,0,6
contact/index.html,31,html,c2622c57,rohanraval2,2025-04-03,00:01:08,-07:00,2025-04-03T00:01:08-07:00,0,6
